BveTs Structure List 1.00:gb2312
ballast,Structures\Default\Ballast.x
grass,Structures\Default\Grass.x
bg_fine,Structures\Default\Bg_Fine.x
sigpole,Structures\Default\SigPole.x
speedliml,Structures\Default\SpeedlimL.x
speedlim,Structures\Default\Speedlim.x
speedlimr,Structures\Default\SpeedlimR.x
speedlimend,Structures\Default\SpeedlimEnd.x
speedlimpole,Structures\Default\SpeedlimPole.x
speedlim0,Structures\Default\Speedlim0.x
speedlim1,Structures\Default\Speedlim1.x
speedlim2,Structures\Default\Speedlim2.x
speedlim3,Structures\Default\Speedlim3.x
speedlim4,Structures\Default\Speedlim4.x
speedlim5,Structures\Default\Speedlim5.x
speedlim6,Structures\Default\Speedlim6.x
speedlim7,Structures\Default\Speedlim7.x
speedlim8,Structures\Default\Speedlim8.x
speedlim9,Structures\Default\Speedlim9.x
stop,Structures\Default\Stop.x
beacon0,Structures\Default\Beacon0.x
beacon1,Structures\Default\Beacon1.x
beacon2,Structures\Default\Beacon2.x
beacon3,Structures\Default\Beacon3.x
beacon4,Structures\Default\Beacon4.x
pole0,Structures\Default\Pole0.x
pole1,Structures\Default\Pole1.x
pole2,Structures\Default\Pole2.x
pole3,Structures\Default\Pole3.x
ballast_1,Structures\meguro\rail\Ballast.x
slab2_meguro,Structures\meguro\rail\slab2_meguro.x
ballast4,Structures\meguro\rail\Ballast4.x
ballastd,Structures\meguro\rail\Ballastd.x
ballastm,Structures\meguro\rail\Ballastm.x
ballast2,Structures\meguro\rail\Ballast2.x
ballast3,Structures\meguro\rail\Ballast3.x
ballastd300,Structures\meguro\rail\Ballastd300.x
ballast300,Structures\meguro\rail\Ballast300.x
ballast500,Structures\meguro\rail\Ballast500.x
ballastm1000,Structures\meguro\rail\Ballastm1000.x
slab2d,Structures\meguro\rail\slab2d.x
slab2w,Structures\meguro\rail\slab2w.x
slab2d300,Structures\meguro\rail\slab2d300.x
slab2d-300,Structures\meguro\rail\slab2d-300.x
slab2d-500,Structures\meguro\rail\slab2d-500.x
slab2d-700,Structures\meguro\rail\slab2d-700.x
ballast300out,Structures\meguro\rail\Ballast300out.x
ballast2in,Structures\meguro\rail\Ballast2in.x
ballast3out,Structures\meguro\rail\Ballast3out.x
slab2d-300out,Structures\meguro\rail\slab2d-300out.x
ballast2out,Structures\meguro\rail\Ballast2out.x
ballast3300,Structures\meguro\rail\Ballast3300.x
ballast3-300,Structures\meguro\rail\Ballast3-300.x
ballast3-500,Structures\meguro\rail\Ballast3-500.x
ballast31000,Structures\meguro\rail\Ballast31000.x
ballast3-1000,Structures\meguro\rail\Ballast3-1000.x
ballast2d,Structures\meguro\rail\Ballast2d.x
ballastmout2-1000,Structures\meguro\rail\Ballastmout2-1000.x
ballastmin2,Structures\meguro\rail\Ballastmin2.x
ballast4in,Structures\meguro\rail\Ballast4in.x
ballast4m300,Structures\meguro\rail\Ballast4m300.x
ballast4m,Structures\meguro\rail\Ballast4m.x
ballast4d300,Structures\meguro\rail\Ballast4d300.x
ballast4d,Structures\meguro\rail\Ballast4d.x
ballast4rb,Structures\meguro\rail\Ballast4rb.x
ballastinb,Structures\meguro\rail\Ballastinb.x
ballast3inm,Structures\meguro\rail\Ballast3inm.x
ballast3m,Structures\meguro\rail\Ballast3m.x
ballast3outm,Structures\meguro\rail\Ballast3outm.x
ballast2m,Structures\meguro\rail\Ballast2m.x
ballast3-1000in,Structures\meguro\rail\Ballast3-1000in.x
ballast3r-1000in,Structures\meguro\rail\Ballast3r-1000in.x
ballast3pointa,Structures\meguro\rail\Ballast3pointa.x
ballast3pointar,Structures\meguro\rail\Ballast3pointaR.x
ballast4outmd,Structures\meguro\rail\Ballast4outmd.x
slab2w300,Structures\meguro\rail\slab2w300.x
slab2w-500,Structures\meguro\rail\slab2w-500.x
null,
ballastb,Structures\meguro\rail\Ballastb.x
ballastoutb,Structures\meguro\rail\Ballastoutb.x
ballastb300out,Structures\meguro\rail\Ballastb300out.x
ballastinmb,Structures\meguro\rail\Ballastinmb.x
ballastmb,Structures\meguro\rail\Ballastmb.x
ballastm500b,Structures\meguro\rail\Ballastm500b.x
ballastm500outb,Structures\meguro\rail\Ballastm500outb.x
ballastb200,Structures\meguro\rail\Ballastb200.x
ballastd-300b,Structures\meguro\rail\Ballastd-300b.x
ballastb-700,Structures\meguro\rail\Ballastb-700.x
ballast3-300b,Structures\meguro\rail\Ballast3-300b.x
ballast3300b,Structures\meguro\rail\Ballast3300b.x
ballast1000b,Structures\meguro\rail\Ballast1000b.x
ballast-1000b,Structures\meguro\rail\Ballast-1000b.x
ballastm-1000,Structures\meguro\rail\Ballastm-1000.x
slab2d-1000,Structures\meguro\rail\slab2d-1000.x
ballastinm,Structures\meguro\rail\Ballastinm.x
ballastmm,Structures\meguro\rail\Ballastmm.x
ballastoutm,Structures\meguro\rail\Ballastoutm.x
ballastoutmb,Structures\meguro\rail\Ballastoutmb.x
ballastinmdb,Structures\meguro\rail\Ballastinmdb.x
ballast4mind300,Structures\meguro\rail\Ballast4mind300.x
ballastmoutm,Structures\meguro\rail\Ballastmoutm.x
ballastminm,Structures\meguro\rail\Ballastminm.x
ballastmdb,Structures\meguro\rail\Ballastmdb.x
ballastoutmdb,Structures\meguro\rail\Ballastoutmdb.x
ballastb-300b,Structures\meguro\rail\Ballastb-300b.x
ballastb300b,Structures\meguro\rail\Ballastb300b.x
ballast3500,Structures\meguro\rail\Ballast3500.x
ballast5,Structures\meguro\rail\Ballast5.x
ballast5inm,Structures\meguro\rail\Ballast5inm.x
ballast5m,Structures\meguro\rail\Ballast5m.x
slab3,Structures\meguro\rail\slab3.x
ballast5m-300,Structures\meguro\rail\Ballast5m-300.x
ballast5m300,Structures\meguro\rail\Ballast5m300.x
ballast5rc,Structures\meguro\rail\Ballast5rc.x
ballast5m-300rc,Structures\meguro\rail\Ballast5m-300rc.x
ballast5m300rc,Structures\meguro\rail\Ballast5m300rc.x
ballast2inb,Structures\meguro\rail\Ballast2inb.x
ballast4m300b,Structures\meguro\rail\Ballast4m300b.x
ballast2outmd,Structures\meguro\rail\Ballast2outmd.x
ballast2md,Structures\meguro\rail\Ballast2md.x
ballast2outm,Structures\meguro\rail\Ballast2outm.x
ballast2700,Structures\meguro\rail\Ballast2700.x
ballast5700,Structures\meguro\rail\Ballast5700.x
ballast5-500,Structures\meguro\rail\Ballast5-500.x
ballast5in,Structures\meguro\rail\Ballast5in.x
slab2d1000outm,Structures\meguro\rail\slab2d1000outm.x
slab2d1000m,Structures\meguro\rail\slab2d1000m.x
slab2dm,Structures\meguro\rail\slab2dm.x
slab2dmin,Structures\meguro\rail\slab2dmin.x
ballast5out,Structures\meguro\rail\Ballast5out.x
ballast5out300b,Structures\meguro\rail\Ballast5out300b.x
ballast5out-300b,Structures\meguro\rail\Ballast5out-300b.x
ballast4d-300,Structures\meguro\rail\Ballast4d-300.x
ballast5300b,Structures\meguro\rail\Ballast5300b.x
ballast5-300b,Structures\meguro\rail\Ballast5-300b.x
ballastmout-1000,Structures\meguro\rail\Ballastmout-1000.x
ballastmin,Structures\meguro\rail\Ballastmin.x
ballastmout21000,Structures\meguro\rail\Ballastmout21000.x
ballast2m1000,Structures\meguro\rail\Ballast2m1000.x
ballast-1000bm,Structures\meguro\rail\Ballast-1000bm.x
concrete,Structures\meguro\concrete.x
dark,Structures\meguro\dark.x
grass_1,Structures\meguro\grass.x
river,Structures\meguro\river.x
pole1l,Structures\meguro\wayobj\pole1L.x
pole1r,Structures\meguro\wayobj\pole1R.x
pole2_1,Structures\meguro\wayobj\pole2.x
pole2wide,Structures\meguro\wayobj\pole2wide.x
pole23,Structures\meguro\wayobj\pole23.x
pole24,Structures\meguro\wayobj\pole24.x
pole28,Structures\meguro\wayobj\pole28.x
pole29,Structures\meguro\wayobj\pole29.x
pole212,Structures\meguro\wayobj\pole212.x
pole2b,Structures\meguro\wayobj\pole2b.x
pole2c,Structures\meguro\wayobj\pole2c.x
pole2bc,Structures\meguro\wayobj\pole2bc.x
pole2wideb,Structures\meguro\wayobj\pole2wideb.x
pole4,Structures\meguro\wayobj\pole4.x
pole43,Structures\meguro\wayobj\pole43.x
pole46,Structures\meguro\wayobj\pole46.x
pole47,Structures\meguro\wayobj\pole47.x
pole48,Structures\meguro\wayobj\pole48.x
tunnel1l,Structures\meguro\wall\tunnel1L.x
tunnel1r,Structures\meguro\wall\tunnel1R.x
tunnel2l,Structures\meguro\wall\tunnel2L.x
tunnel3l,Structures\meguro\wall\tunnel3L.x
tunnel2ra,Structures\meguro\wall\tunnel2Ra.x
tunnel2la,Structures\meguro\wall\tunnel2La.x
tunnel1wr,Structures\meguro\wall\tunnel1wR.x
tunnel1wl,Structures\meguro\wall\tunnel1wL.x
tunnel2wr,Structures\meguro\wall\tunnel2wR.x
tunnel2wl,Structures\meguro\wall\tunnel2wL.x
tunnel3al,Structures\meguro\wall\tunnel3aL.x
tunnel2rb,Structures\meguro\wall\tunnel2Rb.x
tunnel3lb,Structures\meguro\wall\tunnel3Lb.x
wall1l,Structures\meguro\wall\wall1L.x
wall1r,Structures\meguro\wall\wall1R.x
wall2l,Structures\meguro\wall\wall2L.x
wall2r,Structures\meguro\wall\wall2R.x
wall5r,Structures\meguro\wall\wall5R.x
wall5l,Structures\meguro\wall\wall5L.x
wall5ar,Structures\meguro\wall\wall5aR.x
wall5br,Structures\meguro\wall\wall5bR.x
wall5cr,Structures\meguro\wall\wall5cR.x
wall5cl,Structures\meguro\wall\wall5cL.x
wall5ccl,Structures\meguro\wall\wall5ccL.x
wall7r,Structures\meguro\wall\wall7R.x
wall7l,Structures\meguro\wall\wall7L.x
wall7ar,Structures\meguro\wall\wall7aR.x
wall7al,Structures\meguro\wall\wall7aL.x
wall7br,Structures\meguro\wall\wall7bR.x
wall7bl,Structures\meguro\wall\wall7bL.x
wall7cr,Structures\meguro\wall\wall7cR.x
wall7cl,Structures\meguro\wall\wall7cL.x
wall8l,Structures\meguro\wall\wall8L.x
wall9l,Structures\meguro\wall\wall9L.x
wall10r,Structures\meguro\wall\wall10R.x
wall10l,Structures\meguro\wall\wall10L.x
tunnell,Structures\meguro\sta\meg\tunnelL.x
meguro1l,Structures\meguro\wall\meguro1L.x
meguro1r,Structures\meguro\wall\meguro1R.x
meguro2l,Structures\meguro\wall\meguro2L.x
meguro2r,Structures\meguro\wall\meguro2R.x
meguro3l,Structures\meguro\wall\meguro3L.x
meguro3r,Structures\meguro\wall\meguro3R.x
meguro4l,Structures\meguro\wall\meguro4L.x
meguro4r,Structures\meguro\wall\meguro4R.x
meguro5r,Structures\meguro\wall\meguro5R.x
meguro5l,Structures\meguro\wall\meguro5L.x
meguro6r,Structures\meguro\wall\meguro6R.x
meguro6l,Structures\meguro\wall\meguro6L.x
megurogawar,Structures\meguro\wall\megurogawaR.x
megurogawal,Structures\meguro\wall\megurogawaL.x
fudomae1r,Structures\meguro\wall\fudomae1R.x
fudomae1l,Structures\meguro\wall\fudomae1L.x
fudomae2l,Structures\meguro\wall\fudomae2L.x
fudomae3r,Structures\meguro\wall\fudomae3R.x
fudomae3l,Structures\meguro\wall\fudomae3L.x
wallr1,Structures\meguro\sta\mky\wallR1.x
walll1,Structures\meguro\sta\mky\wallL1.x
wallr3,Structures\meguro\sta\mky\wallR3.x
walll3,Structures\meguro\sta\mky\wallL3.x
wallr4,Structures\meguro\sta\mky\wallR4.x
walll4,Structures\meguro\sta\mky\wallL4.x
nishikoyama1r,Structures\meguro\wall\nishikoyama1R.x
nishikoyama1l,Structures\meguro\wall\nishikoyama1L.x
nishikoyama2r,Structures\meguro\wall\nishikoyama2R.x
nishikoyama2l,Structures\meguro\wall\nishikoyama2L.x
nishikoyama3r,Structures\meguro\wall\nishikoyama3R.x
nishikoyama3l,Structures\meguro\wall\nishikoyama3L.x
nishikoyama4r,Structures\meguro\wall\nishikoyama4R.x
nishikoyama4l,Structures\meguro\wall\nishikoyama4L.x
senzoku1r,Structures\meguro\wall\senzoku1R.x
senzoku1l,Structures\meguro\wall\senzoku1L.x
senzoku2r,Structures\meguro\wall\senzoku2R.x
senzoku2l,Structures\meguro\wall\senzoku2L.x
senzoku3r,Structures\meguro\wall\senzoku3R.x
senzoku3l,Structures\meguro\wall\senzoku3L.x
senzoku4r,Structures\meguro\wall\senzoku4R.x
senzoku4l,Structures\meguro\wall\senzoku4L.x
senzoku1ar,Structures\meguro\wall\senzoku1aR.x
senzoku1al,Structures\meguro\wall\senzoku1aL.x
senzoku6l,Structures\meguro\wall\senzoku6L.x
senzoku7r,Structures\meguro\wall\senzoku7R.x
senzoku7l,Structures\meguro\wall\senzoku7L.x
senzoku8r,Structures\meguro\wall\senzoku8R.x
senzoku8l,Structures\meguro\wall\senzoku8L.x
senzoku9l,Structures\meguro\wall\senzoku9L.x
senzoku10l,Structures\meguro\wall\senzoku10L.x
senzoku11l,Structures\meguro\wall\senzoku11L.x
senzoku12l,Structures\meguro\wall\senzoku12L.x
sentou,Structures\meguro\sta\oky\sentou.x
tunnel1,Structures\meguro\sta\oky\tunnel1.x
wallr1_1,Structures\meguro\sta\oky\wallR1.x
walll1_1,Structures\meguro\sta\oky\wallL1.x
wallr2,Structures\meguro\sta\oky\wallR2.x
walll3_1,Structures\meguro\sta\oky\wallL3.x
ookayamar1,Structures\meguro\wall\ookayamaR1.x
ookayamal1,Structures\meguro\wall\ookayamaL1.x
ookayamar2,Structures\meguro\wall\ookayamaR2.x
ookayamal3,Structures\meguro\wall\ookayamaL3.x
ookayamar3,Structures\meguro\wall\ookayamaR3.x
ookayamal4,Structures\meguro\wall\ookayamaL4.x
wallr3a,Structures\meguro\sta\oky\wallR3a.x
walll1a,Structures\meguro\sta\oky\wallL1a.x
ookayama1l,Structures\meguro\wall\ookayama1L.x
ookayama2l,Structures\meguro\wall\ookayama2L.x
ookayama3l,Structures\meguro\wall\ookayama3L.x
ookayama4l,Structures\meguro\wall\ookayama4L.x
ookayama5l,Structures\meguro\wall\ookayama5L.x
ookayama6l,Structures\meguro\wall\ookayama6L.x
ookayamal2,Structures\meguro\wall\ookayamaL2.x
senzoku5r,Structures\meguro\wall\senzoku5R.x
senzoku5l,Structures\meguro\wall\senzoku5L.x
senzoku1cr,Structures\meguro\wall\senzoku1cR.x
senzoku1cl,Structures\meguro\wall\senzoku1cL.x
senzoku13r,Structures\meguro\wall\senzoku13R.x
senzoku13l,Structures\meguro\wall\senzoku13L.x
fumikiri1l,Structures\meguro\wall\fumikiri1L.x
ookayama7r,Structures\meguro\wall\ookayama7R.x
ookayama7l,Structures\meguro\wall\ookayama7L.x
ookayama8r,Structures\meguro\wall\ookayama8R.x
ookayama8l,Structures\meguro\wall\ookayama8L.x
fumikiri2l,Structures\meguro\wall\fumikiri2L.x
wall3r,Structures\meguro\wall\wall3R.x
senzoku2rout,Structures\meguro\wall\senzoku2Rout.x
senzoku2lout,Structures\meguro\wall\senzoku2Lout.x
wall4l,Structures\meguro\wall\wall4L.x
okw1r,Structures\meguro\wall\okw1R.x
walll1_2,Structures\meguro\sta\nky\wallL1.x
fudomae2r,Structures\meguro\wall\fudomae2R.x
fudomae2ra,Structures\meguro\wall\fudomae2Ra.x
fudomae2la,Structures\meguro\wall\fudomae2La.x
senzoku2rb,Structures\meguro\wall\senzoku2Rb.x
senzoku2lb,Structures\meguro\wall\senzoku2Lb.x
wallr2_1,Structures\meguro\sta\dec\wallR2.x
walll2,Structures\meguro\sta\dec\wallL2.x
okusawa2r,Structures\meguro\wall\okusawa2R.x
okusawa3r,Structures\meguro\wall\okusawa3R.x
okusawa3l,Structures\meguro\wall\okusawa3L.x
okusawa4r,Structures\meguro\wall\okusawa4R.x
okusawa4l,Structures\meguro\wall\okusawa4L.x
okusawa4ar,Structures\meguro\wall\okusawa4aR.x
okusawa4al,Structures\meguro\wall\okusawa4aL.x
okusawa5r,Structures\meguro\wall\okusawa5R.x
okusawa5l,Structures\meguro\wall\okusawa5L.x
okusawa6r,Structures\meguro\wall\okusawa6R.x
okusawa6l,Structures\meguro\wall\okusawa6L.x
meg7r,Structures\meguro\wall\meg7R.x
meg7l,Structures\meguro\wall\meg7L.x
okusawa7r,Structures\meguro\wall\okusawa7R.x
okusawa7l,Structures\meguro\wall\okusawa7L.x
okusawa8r,Structures\meguro\wall\okusawa8R.x
okusawa8l,Structures\meguro\wall\okusawa8L.x
okusawa9r,Structures\meguro\wall\okusawa9R.x
okusawa9l,Structures\meguro\wall\okusawa9L.x
okusawa10r,Structures\meguro\wall\okusawa10R.x
okusawa10l,Structures\meguro\wall\okusawa10L.x
okusawa11r,Structures\meguro\wall\okusawa11R.x
okusawa11l,Structures\meguro\wall\okusawa11L.x
okusawa12r,Structures\meguro\wall\okusawa12R.x
okusawa12l,Structures\meguro\wall\okusawa12L.x
okusawa13r,Structures\meguro\wall\okusawa13R.x
okusawa13l,Structures\meguro\wall\okusawa13L.x
wallr1_2,Structures\meguro\sta\dec\wallR1.x
walll1_3,Structures\meguro\sta\dec\wallL1.x
senzoku8ar,Structures\meguro\wall\senzoku8aR.x
senzoku8al,Structures\meguro\wall\senzoku8aL.x
fumikiri1ar,Structures\meguro\wall\fumikiri1aR.x
senzoku8br,Structures\meguro\wall\senzoku8bR.x
senzoku8bl,Structures\meguro\wall\senzoku8bL.x
fumikiri1br,Structures\meguro\wall\fumikiri1bR.x
senzoku8cl,Structures\meguro\wall\senzoku8cL.x
fumikiri2ar,Structures\meguro\wall\fumikiri2aR.x
fumikiri2al,Structures\meguro\wall\fumikiri2aL.x
fumikiri2br,Structures\meguro\wall\fumikiri2bR.x
fumikiri2bl,Structures\meguro\wall\fumikiri2bL.x
dec1r,Structures\meguro\wall\dec1R.x
dec2r,Structures\meguro\wall\dec2R.x
dec2l,Structures\meguro\wall\dec2L.x
dec3r,Structures\meguro\wall\dec3R.x
dec3l,Structures\meguro\wall\dec3L.x
wall7abr,Structures\meguro\wall\wall7abR.x
dec4l,Structures\meguro\wall\dec4L.x
dec5r,Structures\meguro\wall\dec5R.x
dec5l,Structures\meguro\wall\dec5L.x
dec5ar,Structures\meguro\wall\dec5aR.x
dec6l,Structures\meguro\wall\dec6L.x
dec5br,Structures\meguro\wall\dec5bR.x
wall1l_1,Structures\meguro\sta\tam\wall1L.x
wall2r_1,Structures\meguro\sta\tam\wall2R.x
wall2l_1,Structures\meguro\sta\tam\wall2L.x
dec5cr,Structures\meguro\wall\dec5cR.x
dec5al,Structures\meguro\wall\dec5aL.x
tam1r,Structures\meguro\wall\tam1R.x
tam1l,Structures\meguro\wall\tam1L.x
tam2r,Structures\meguro\wall\tam2R.x
tam2l,Structures\meguro\wall\tam2L.x
tam3r,Structures\meguro\wall\tam3R.x
tam3l,Structures\meguro\wall\tam3L.x
tam4r,Structures\meguro\wall\tam4R.x
tam4l,Structures\meguro\wall\tam4L.x
tam5l,Structures\meguro\wall\tam5L.x
dec5dr,Structures\meguro\wall\dec5dR.x
wall1r_1,Structures\meguro\sta\sim\wall1R.x
wall1l_2,Structures\meguro\sta\sim\wall1L.x
wall2r_2,Structures\meguro\sta\sim\wall2R.x
wall2l_2,Structures\meguro\sta\sim\wall2L.x
okw14r,Structures\meguro\wall\okw14R.x
okw14l,Structures\meguro\wall\okw14L.x
wall1r_2,Structures\meguro\sta\msg\wall1R.x
wall1l_3,Structures\meguro\sta\msg\wall1L.x
msg2r,Structures\meguro\wall\msg2R.x
msg2l,Structures\meguro\wall\msg2L.x
msg3r,Structures\meguro\wall\msg3R.x
msg3l,Structures\meguro\wall\msg3L.x
msg4r,Structures\meguro\wall\msg4R.x
msg4l,Structures\meguro\wall\msg4L.x
msg5r,Structures\meguro\wall\msg5R.x
msg5l,Structures\meguro\wall\msg5L.x
msg6r,Structures\meguro\wall\msg6R.x
msg6l,Structures\meguro\wall\msg6L.x
msg6rb,Structures\meguro\wall\msg6Rb.x
msg6lb,Structures\meguro\wall\msg6Lb.x
msg8r,Structures\meguro\wall\msg8R.x
msg8l,Structures\meguro\wall\msg8L.x
msg9r,Structures\meguro\wall\msg9R.x
msg9l,Structures\meguro\wall\msg9L.x
msg9rb,Structures\meguro\wall\msg9Rb.x
msg9lb,Structures\meguro\wall\msg9Lb.x
msg10r,Structures\meguro\wall\msg10R.x
msg10l,Structures\meguro\wall\msg10L.x
msg11r,Structures\meguro\wall\msg11R.x
msg11l,Structures\meguro\wall\msg11L.x
msg12r,Structures\meguro\wall\msg12R.x
msg12l,Structures\meguro\wall\msg12L.x
ekishar,Structures\meguro\sta\mss\ekishaR.x
ekishal,Structures\meguro\sta\mss\ekishaL.x
wallr1_3,Structures\meguro\sta\mss\wallR1.x
walll1_4,Structures\meguro\sta\mss\wallL1.x
mss1r,Structures\meguro\wall\mss1R.x
mss1l,Structures\meguro\wall\mss1L.x
mss2r,Structures\meguro\wall\mss2R.x
mss2l,Structures\meguro\wall\mss2L.x
mss3l,Structures\meguro\wall\mss3L.x
mss4r,Structures\meguro\wall\mss4R.x
mss4l,Structures\meguro\wall\mss4L.x
mss5r,Structures\meguro\wall\mss5R.x
mss5l,Structures\meguro\wall\mss5L.x
mss5bl,Structures\meguro\wall\mss5bL.x
mss6r,Structures\meguro\wall\mss6R.x
mss6l,Structures\meguro\wall\mss6L.x
mss6bl,Structures\meguro\wall\mss6bL.x
mss7r,Structures\meguro\wall\mss7R.x
mss7l,Structures\meguro\wall\mss7L.x
mss8r,Structures\meguro\wall\mss8R.x
mss8l,Structures\meguro\wall\mss8L.x
wallr1_4,Structures\meguro\sta\hys\wallR1.x
walll1_5,Structures\meguro\sta\hys\wallL1.x
hys1r,Structures\meguro\wall\hys1R.x
hys1l,Structures\meguro\wall\hys1L.x
hys2l,Structures\meguro\wall\hys2L.x
hys3r,Structures\meguro\wall\hys3R.x
hys3l,Structures\meguro\wall\hys3L.x
hys3bl,Structures\meguro\wall\hys3bL.x
hys4r,Structures\meguro\wall\hys4R.x
hys4l,Structures\meguro\wall\hys4L.x
hys5r,Structures\meguro\wall\hys5R.x
hys5l,Structures\meguro\wall\hys5L.x
hys6r,Structures\meguro\wall\hys6R.x
hys6l,Structures\meguro\wall\hys6L.x
hys7r,Structures\meguro\wall\hys7R.x
hys5bl,Structures\meguro\wall\hys5bL.x
hys8r,Structures\meguro\wall\hys8R.x
hys5cl,Structures\meguro\wall\hys5cL.x
hys5dl,Structures\meguro\wall\hys5dL.x
hys5el,Structures\meguro\wall\hys5eL.x
formr,Structures\meguro\sta\meg\FormR.x
forml,Structures\meguro\sta\meg\FormL.x
formr1,Structures\meguro\sta\fdo\FormR1.x
forml1,Structures\meguro\sta\fdo\FormL1.x
formr2,
forml2,Structures\meguro\sta\fdo\FormL2.x
forml3,Structures\meguro\sta\fdo\FormL3.x
formr4,Structures\meguro\sta\fdo\FormR4.x
forml4,Structures\meguro\sta\fdo\FormL4.x
formr1_1,Structures\meguro\sta\mky\FormR1.x
forml1_1,Structures\meguro\sta\mky\FormL1.x
formr2_1,Structures\meguro\sta\mky\FormR2.x
forml2_1,Structures\meguro\sta\mky\FormL2.x
formr1_2,Structures\meguro\sta\nky\FormR1.x
forml1_2,Structures\meguro\sta\nky\FormL1.x
formr2_2,Structures\meguro\sta\nky\FormR2.x
forml2_2,Structures\meguro\sta\nky\FormL2.x
formr1_3,Structures\meguro\sta\sez\FormR1.x
forml1_3,Structures\meguro\sta\sez\FormL1.x
formr2_3,Structures\meguro\sta\sez\FormR2.x
forml2_3,Structures\meguro\sta\sez\FormL2.x
formr4_1,Structures\meguro\sta\sez\FormR4.x
forml3_1,Structures\meguro\sta\sez\FormL3.x
formr1_4,Structures\meguro\sta\oky\FormR1.x
forml1_4,Structures\meguro\sta\oky\FormL1.x
forml1_5,Structures\meguro\sta\okw\FormL1.x
formr2_4,Structures\meguro\sta\okw\FormR2.x
forml2_4,Structures\meguro\sta\okw\FormL2.x
forml3_2,Structures\meguro\sta\okw\FormL3.x
forml4_1,Structures\meguro\sta\okw\FormL4.x
formr3,Structures\meguro\sta\okw\FormR3.x
forml5,Structures\meguro\sta\okw\FormL5.x
formr6,Structures\meguro\sta\okw\FormR6.x
forml6,Structures\meguro\sta\okw\FormL6.x
formr1_5,Structures\meguro\sta\dec\FormR1.x
forml1_6,Structures\meguro\sta\dec\FormL1.x
formr1_6,Structures\meguro\sta\tam\FormR1.x
forml1_7,Structures\meguro\sta\tam\FormL1.x
formr1_7,Structures\meguro\sta\sim\FormR1.x
forml1_8,Structures\meguro\sta\sim\FormL1.x
formr2_5,Structures\meguro\sta\sim\FormR2.x
forml2_5,Structures\meguro\sta\sim\FormL2.x
formr3_1,Structures\meguro\sta\sim\FormR3.x
forml3_3,Structures\meguro\sta\sim\FormL3.x
formr1_8,Structures\meguro\sta\msg\FormR1.x
forml1_9,Structures\meguro\sta\msg\FormL1.x
formr2_6,Structures\meguro\sta\msg\FormR2.x
forml2_6,Structures\meguro\sta\msg\FormL2.x
formr3_2,Structures\meguro\sta\msg\FormR3.x
forml3_4,Structures\meguro\sta\msg\FormL3.x
formr2_7,Structures\meguro\sta\tam\FormR2.x
forml2_7,Structures\meguro\sta\tam\FormL2.x
formr1_9,Structures\meguro\sta\mss\FormR1.x
forml1_10,Structures\meguro\sta\mss\FormL1.x
formr2_8,Structures\meguro\sta\mss\FormR2.x
forml2_8,Structures\meguro\sta\mss\FormL2.x
formr3_3,Structures\meguro\sta\mss\FormR3.x
forml3_5,Structures\meguro\sta\mss\FormL3.x
formr4_2,Structures\meguro\sta\msg\FormR4.x
forml4_2,Structures\meguro\sta\msg\FormL4.x
formr4_3,Structures\meguro\sta\mss\FormR4.x
forml4_3,Structures\meguro\sta\mss\FormL4.x
formr1_10,Structures\meguro\sta\hys\FormR1.x
forml1_11,Structures\meguro\sta\hys\FormL1.x
formcr,Structures\meguro\sta\meg\FormCR.x
formcl,Structures\meguro\sta\meg\FormCL.x
formcr_1,Structures\meguro\sta\mky\FormCR.x
formcl_1,Structures\meguro\sta\mky\FormCL.x
formcr_2,Structures\meguro\sta\nky\FormCR.x
formcl_2,Structures\meguro\sta\nky\FormCL.x
formcr2,Structures\meguro\sta\nky\FormCR2.x
formcl2,Structures\meguro\sta\nky\FormCL2.x
formcr_3,Structures\meguro\sta\oky\FormCR.x
formcl_3,Structures\meguro\sta\oky\FormCL.x
formcr_4,Structures\meguro\sta\okw\FormCR.x
formcl_4,Structures\meguro\sta\okw\FormCL.x
formcr_5,Structures\meguro\sta\dec\FormCR.x
formcl_5,Structures\meguro\sta\dec\FormCL.x
formcr_6,Structures\meguro\sta\tam\FormCR.x
formcl_6,Structures\meguro\sta\tam\FormCL.x
formcr_7,Structures\meguro\sta\sim\FormCR.x
formcl_7,Structures\meguro\sta\sim\FormCL.x
formcr2_1,Structures\meguro\sta\sim\FormCR2.x
formcl2_1,Structures\meguro\sta\sim\FormCL2.x
formcr_8,Structures\meguro\sta\msg\FormCR.x
formcl_8,Structures\meguro\sta\msg\FormCL.x
formcr2_2,Structures\meguro\sta\msg\FormCR2.x
formcl2_2,Structures\meguro\sta\msg\FormCL2.x
formcr3,Structures\meguro\sta\msg\FormCR3.x
formcl3,Structures\meguro\sta\msg\FormCL3.x
formcr_9,Structures\meguro\sta\mss\FormCR.x
formcl_9,Structures\meguro\sta\mss\FormCL.x
formcr4,Structures\meguro\sta\mss\FormCR4.x
formcl4,Structures\meguro\sta\mss\FormCL4.x
formcr_10,Structures\meguro\sta\hys\FormCR.x
formcl_10,Structures\meguro\sta\hys\FormCL.x
roofr,Structures\meguro\sta\meg\RoofR.x
roofl,Structures\meguro\sta\meg\RoofL.x
roofr3,Structures\meguro\sta\mky\RoofR3.x
roofl3,Structures\meguro\sta\mky\RoofL3.x
roofr1,Structures\meguro\sta\fdo\RoofR1.x
roofl1,Structures\meguro\sta\fdo\RoofL1.x
roofr1a,Structures\meguro\sta\fdo\RoofR1a.x
roofl1a,Structures\meguro\sta\fdo\RoofL1a.x
roofl2,Structures\meguro\sta\fdo\RoofL2.x
roofr3_1,Structures\meguro\sta\fdo\RoofR3.x
roofr1_1,Structures\meguro\sta\mky\RoofR1.x
roofl1_1,Structures\meguro\sta\mky\RoofL1.x
roofr2,Structures\meguro\sta\mky\RoofR2.x
roofl2_1,Structures\meguro\sta\mky\RoofL2.x
roofr1_2,Structures\meguro\sta\nky\RoofR1.x
roofl1_2,Structures\meguro\sta\nky\RoofL1.x
roofr2_1,Structures\meguro\sta\nky\RoofR2.x
roofr3_2,Structures\meguro\sta\nky\RoofR3.x
roofl3_1,Structures\meguro\sta\nky\RoofL3.x
roofr1_3,Structures\meguro\sta\sez\RoofR1.x
roofl1_3,Structures\meguro\sta\sez\RoofL1.x
roofr2_2,Structures\meguro\sta\sez\RoofR2.x
roofl2_2,Structures\meguro\sta\sez\RoofL2.x
roofr3_3,Structures\meguro\sta\sez\RoofR3.x
roofl3_2,Structures\meguro\sta\sez\RoofL3.x
roofr5,Structures\meguro\sta\sez\RoofR5.x
roofl4,Structures\meguro\sta\sez\RoofL4.x
roofr1a_1,Structures\meguro\sta\sez\RoofR1a.x
roofl1a_1,Structures\meguro\sta\sez\RoofL1a.x
roofr1_4,Structures\meguro\sta\oky\RoofR1.x
roofl1_4,Structures\meguro\sta\oky\RoofL1.x
roofl4a,Structures\meguro\sta\sez\RoofL4a.x
roofl1_5,Structures\meguro\sta\okw\RoofL1.x
roofr2_3,Structures\meguro\sta\okw\RoofR2.x
roofl2_3,Structures\meguro\sta\okw\RoofL2.x
roofl3_3,Structures\meguro\sta\okw\RoofL3.x
roofl4_1,Structures\meguro\sta\okw\RoofL4.x
roofr1_5,Structures\meguro\sta\dec\RoofR1.x
roofl1_6,Structures\meguro\sta\dec\RoofL1.x
roofr1_6,Structures\meguro\sta\tam\RoofR1.x
roofl1_7,Structures\meguro\sta\tam\RoofL1.x
roofl2_4,Structures\meguro\sta\tam\RoofL2.x
roofr1_7,Structures\meguro\sta\msg\Roofr1.x
roofl1_8,Structures\meguro\sta\msg\Roofl1.x
roofr2_4,Structures\meguro\sta\mss\Roofr2.x
roofl1_9,Structures\meguro\sta\mss\Roofl1.x
roofr1_8,Structures\meguro\sta\mss\Roofr1.x
roofl2_5,Structures\meguro\sta\mss\Roofl2.x
roofl3_4,Structures\meguro\sta\mss\Roofl3.x
roofr3_4,Structures\meguro\sta\mss\Roofr3.x
roofr1_9,Structures\meguro\sta\hys\RoofR1.x
roofl1_10,Structures\meguro\sta\hys\RoofL1.x
roofcr,Structures\meguro\sta\meg\RoofCR.x
roofcl,Structures\meguro\sta\meg\RoofCL.x
roofcr_1,Structures\meguro\sta\mky\Roofcr.x
roofcl_1,Structures\meguro\sta\mky\Roofcl.x
roofcr_2,Structures\meguro\sta\nky\Roofcr.x
roofcl_2,Structures\meguro\sta\nky\Roofcl.x
roofcr2,Structures\meguro\sta\nky\Roofcr2.x
roofcl2,Structures\meguro\sta\nky\Roofcl2.x
roofcr_3,Structures\meguro\sta\oky\Roofcr.x
roofcl_3,Structures\meguro\sta\oky\Roofcl.x
roofcr_4,Structures\meguro\sta\okw\Roofcr.x
roofcl_4,Structures\meguro\sta\okw\Roofcl.x
roofcr_5,Structures\meguro\sta\dec\Roofcr.x
roofcl_5,Structures\meguro\sta\dec\Roofcl.x
roofcr_6,Structures\meguro\sta\tam\Roofcr.x
roofcl_6,Structures\meguro\sta\tam\Roofcl.x
roofcr_7,Structures\meguro\sta\msg\Roofcr.x
roofcl_7,Structures\meguro\sta\msg\Roofcl.x
roofcr_8,Structures\meguro\sta\hys\RoofCR.x
roofcl_8,Structures\meguro\sta\hys\RoofCL.x
crabal2r,Structures\meguro\wall\crabal2r.x
crabal2l,Structures\meguro\wall\crabal2l.x
crabal5r,Structures\meguro\wall\crabal5r.x
crabal5l,Structures\meguro\wall\crabal5l.x
window,Structures\meguro\sta\formdoor\window.x
fdo1,Structures\meguro\sta\formdoor\fdo1.x
crack,Structures\meguro\sta\meg\crack.x
kanaami1,Structures\meguro\sta\formdoor\kanaami1.x
crack2,Structures\meguro\sta\meg\crack2.x
waitingroom,Structures\meguro\sta\fdo\waitingroom.x
arrivep,Structures\meguro\sta\arrivep.x
oku,Structures\meguro\sta\mky\oku.x
enter,Structures\meguro\sta\mky\enter.x
enterr,Structures\meguro\sta\mky\enterr.x
windows,Structures\meguro\sta\formdoor\windows.x
mky1,Structures\meguro\sta\formdoor\mky1.x
mky12a,Structures\meguro\sta\formdoor\mky12a.x
exit,Structures\meguro\sta\mky\exit.x
futa,Structures\meguro\sta\mky\futa.x
nky1,Structures\meguro\sta\formdoor\nky1.x
nky12,Structures\meguro\sta\formdoor\nky12.x
enterr_1,Structures\meguro\sta\nky\enterr.x
waitingroom_1,Structures\meguro\sta\nky\waitingroom.x
elev,Structures\meguro\sta\nky\elev.x
exitr,Structures\meguro\sta\nky\exitr.x
board,Structures\meguro\sta\board.x
stopglid,Structures\meguro\sta\formdoor\stopglid.x
sez1,Structures\meguro\sta\formdoor\sez1.x
cube,Structures\meguro\sta\sez\cube.x
mattan,Structures\meguro\sta\sez\mattan.x
crack1,Structures\meguro\sta\oky\crack1.x
oky1,Structures\meguro\sta\formdoor\oky1.x
stopglid2,Structures\meguro\sta\formdoor\stopglid2.x
hodokyo1,Structures\meguro\ensen\hodokyo1.x
stop1,Structures\meguro\wayobj\stop1.x
ookayama2,Structures\meguro\ensen\ookayama2.x
okw1,Structures\meguro\sta\formdoor\okw1.x
okw12,Structures\meguro\sta\formdoor\okw12.x
right,Structures\meguro\wayobj\right.x
right2,Structures\meguro\wayobj\right2.x
kanaami2,Structures\meguro\sta\formdoor\kanaami2.x
track1,Structures\meguro\sta\track1.x
toks,Structures\meguro\sta\oky\toks.x
lamp,Structures\meguro\sta\lamp.x
maru,Structures\meguro\wayobj\maru.x
camera1,Structures\meguro\sta\camera1.x
right2d,Structures\meguro\wayobj\right2d.x
expd,Structures\meguro\wayobj\expd.x
go,Structures\meguro\wayobj\go.x
7,Structures\meguro\wayobj\7.x
6,Structures\meguro\wayobj\6.x
5,Structures\meguro\wayobj\5.x
4,Structures\meguro\wayobj\4.x
3,Structures\meguro\wayobj\3.x
2,Structures\meguro\wayobj\2.x
1,Structures\meguro\wayobj\1.x
7p,Structures\meguro\wayobj\7p.x
6p,Structures\meguro\wayobj\6p.x
5p,Structures\meguro\wayobj\5p.x
4p,Structures\meguro\wayobj\4p.x
3p,Structures\meguro\wayobj\3p.x
2p,Structures\meguro\wayobj\2p.x
1p,Structures\meguro\wayobj\1p.x
camera2,Structures\meguro\sta\camera2.x
board2,Structures\meguro\sta\board2.x
timetable,Structures\meguro\sta\timetable.x
bench1,Structures\meguro\sta\bench1.x
batup,Structures\meguro\wayobj\batup.x
csignal,Structures\meguro\wayobj\csignal.x
9,Structures\meguro\wayobj\9.x
8p,Structures\meguro\wayobj\8p.x
8,Structures\meguro\wayobj\8.x
rails,Structures\meguro\wayobj\rails.x
csensor,Structures\meguro\wayobj\csensor.x
ki,Structures\meguro\wayobj\ki.x
ki2,Structures\meguro\wayobj\ki2.x
ki3,Structures\meguro\wayobj\ki3.x
20m,Structures\meguro\wayobj\20m.x
rightor,Structures\meguro\wayobj\rightor.x
tc,Structures\meguro\train\tm9000\tc.x
m,Structures\meguro\train\tm9000\m.x
tc2,Structures\meguro\train\tm9000\tc2.x
tcd,Structures\meguro\train\toei6300\tcd.x
md,Structures\meguro\train\toei6300\md.x
tc_1,Structures\meguro\train\toei6300\tc.x
m_1,Structures\meguro\train\toei6300\m.x
tc2_1,Structures\meguro\train\toei6300\tc2.x
tc_2,Structures\meguro\train\tokyu5080\tc.x
m_2,Structures\meguro\train\tokyu5080\m.x
tc2_2,Structures\meguro\train\tokyu5080\tc2.x
tc_3,Structures\meguro\train\tokyu3000\tc.x
m_3,Structures\meguro\train\tokyu3000\m.x
tc2_3,Structures\meguro\train\tokyu3000\tc2.x
tc2d,Structures\meguro\train\toei6300\tc2d.x
t,Structures\meguro\train\tm9000\t.x
t_1,Structures\meguro\train\toei6300\t.x
t_2,Structures\meguro\train\sr2000\t.x
t_3,Structures\meguro\train\9\t.x
t_4,Structures\meguro\train\8\t.x
tn,Structures\meguro\train\tm9000\tn.x
moku,Structures\meguro\wayobj\moku.x
2jo,Structures\meguro\wayobj\2jo.x
rightbl,Structures\meguro\wayobj\rightbl.x
track2,Structures\meguro\wayobj\track2.x
musako1,Structures\meguro\wayobj\musako1.x
stand,Structures\meguro\wayobj\stand.x
standd,Structures\meguro\wayobj\standd.x
signal,Structures\meguro\wayobj\signal.x
irekae,Structures\meguro\wayobj\irekae.x
shuppatu,Structures\meguro\wayobj\shuppatu.x
goleft,Structures\meguro\wayobj\goleft.x
gostright,Structures\meguro\wayobj\gostright.x
marud,Structures\meguro\wayobj\marud.x
jonaid,Structures\meguro\wayobj\jonaid.x
arrivep2,Structures\meguro\sta\arrivep2.x
jonai,Structures\meguro\wayobj\jonai.x
track1_1,Structures\meguro\wayobj\track1.x
oo,Structures\meguro\wayobj\oo.x
people,Structures\meguro\sta\people.x
people2,Structures\meguro\sta\people2.x
people3,Structures\meguro\sta\people3.x
hashigo,Structures\meguro\wayobj\hashigo.x
stop1p,Structures\meguro\wayobj\stop1p.x
pole3_1,Structures\meguro\wayobj\pole3.x
pole32,Structures\meguro\wayobj\pole32.x
pole7,Structures\meguro\wayobj\pole7.x
board_1,Structures\meguro\sta\nky\board.x
board_2,Structures\meguro\sta\oky\board.x
pole210,Structures\meguro\wayobj\pole210.x
home1,Structures\meguro\ensen\home1.x
home2,Structures\meguro\ensen\home2.x
home3,Structures\meguro\ensen\home3.x
home4,Structures\meguro\ensen\home4.x
home5,Structures\meguro\ensen\home5.x
home6,Structures\meguro\ensen\home6.x
tree1,Structures\meguro\ensen\tree1.x
hodokyo2,Structures\meguro\ensen\hodokyo2.x
dec1,Structures\meguro\sta\formdoor\dec1.x
hijoguchi,Structures\meguro\sta\dec\hijoguchi.x
track2b,Structures\meguro\sta\track2b.x
bench,Structures\meguro\sta\dec\bench.x
waiting,Structures\meguro\sta\dec\waiting.x
enter_1,Structures\meguro\sta\dec\enter.x
enterr_2,Structures\meguro\sta\dec\enterr.x
home7,Structures\meguro\ensen\home7.x
buil1,Structures\meguro\ensen\buil1.x
man1,Structures\meguro\ensen\man1.x
man2,Structures\meguro\ensen\man2.x
buil2,Structures\meguro\ensen\buil2.x
buil3,Structures\meguro\ensen\buil3.x
tree2,Structures\meguro\ensen\tree2.x
buil4,Structures\meguro\ensen\buil4.x
buil14,Structures\meguro\ensen\buil14.x
man4,Structures\meguro\ensen\man4.x
man5,Structures\meguro\ensen\man5.x
buil5,Structures\meguro\ensen\buil5.x
buil6,Structures\meguro\ensen\buil6.x
man7,Structures\meguro\ensen\man7.x
buil7,Structures\meguro\ensen\buil7.x
toks_1,Structures\meguro\sta\dec\toks.x
elev_1,Structures\meguro\sta\elev.x
exit_1,Structures\meguro\sta\dec\exit.x
man8,Structures\meguro\ensen\man8.x
man9,Structures\meguro\ensen\man9.x
oky1_1,Structures\meguro\ensen\oky1.x
home8,Structures\meguro\ensen\home8.x
hei1,Structures\meguro\ensen\hei1.x
man10,Structures\meguro\ensen\man10.x
home9,Structures\meguro\ensen\home9.x
home10,Structures\meguro\ensen\home10.x
oky2,Structures\meguro\ensen\oky2.x
man11,Structures\meguro\ensen\man11.x
home11,Structures\meguro\ensen\home11.x
home12,Structures\meguro\ensen\home12.x
man12,Structures\meguro\ensen\man12.x
fdo1_1,Structures\meguro\ensen\fdo1.x
man13,Structures\meguro\ensen\man13.x
hodokyo3,Structures\meguro\ensen\hodokyo3.x
buil9,Structures\meguro\ensen\buil9.x
buil10,Structures\meguro\ensen\buil10.x
okw1_1,Structures\meguro\ensen\okw1.x
fdo2,Structures\meguro\ensen\fdo2.x
pointm,Structures\meguro\wayobj\pointm.x
pointmd,Structures\meguro\wayobj\pointmd.x
buil11,Structures\meguro\ensen\buil11.x
pole211,Structures\meguro\wayobj\pole211.x
pole5,Structures\meguro\wayobj\pole5.x
pole42,Structures\meguro\wayobj\pole42.x
homes1,Structures\meguro\ensen\homes1.x
wood1,Structures\meguro\ensen\wood1.x
sentou_1,Structures\meguro\sta\tam\sentou.x
speak1,Structures\meguro\sta\speak1.x
tam1,Structures\meguro\sta\formdoor\tam1.x
track2_1,Structures\meguro\sta\track2.x
homes2,Structures\meguro\ensen\homes2.x
enter_2,Structures\meguro\sta\tam\enter.x
toks_2,Structures\meguro\sta\tam\toks.x
enter2,Structures\meguro\sta\tam\enter2.x
box1,Structures\meguro\wayobj\box1.x
elev_2,Structures\meguro\sta\tam\elev.x
elevr,Structures\meguro\sta\tam\elevr.x
tam1_1,Structures\meguro\ensen\tam1.x
10p,Structures\meguro\wayobj\10p.x
9p,Structures\meguro\wayobj\9p.x
11p,Structures\meguro\wayobj\11p.x
stop2p,Structures\meguro\wayobj\stop2p.x
pole44,Structures\meguro\wayobj\pole44.x
tam2,Structures\meguro\ensen\tam2.x
tam3,Structures\meguro\ensen\tam3.x
01,Structures\meguro\train\hosyu\01.x
02,Structures\meguro\train\hosyu\02.x
03,Structures\meguro\train\hosyu\03.x
man14,Structures\meguro\ensen\man14.x
man15,Structures\meguro\ensen\man15.x
man16,Structures\meguro\ensen\man16.x
homes3,Structures\meguro\ensen\homes3.x
ballastbpoint,Structures\meguro\rail\ballastbpoint.x
man18,Structures\meguro\ensen\man18.x
sentou_2,Structures\meguro\sta\sim\sentou.x
tenjo,Structures\meguro\sta\tam\tenjo.x
pole45,Structures\meguro\wayobj\pole45.x
enterr_3,Structures\meguro\sta\tam\enterr.x
denchu1,Structures\meguro\ensen\denchu1.x
denchu2,Structures\meguro\ensen\denchu2.x
denchu1b,Structures\meguro\ensen\denchu1b.x
sim1,Structures\meguro\sta\formdoor\sim1.x
monitor,Structures\meguro\sta\monitor.x
pole2widebc,Structures\meguro\wayobj\pole2widebc.x
elev_3,Structures\meguro\sta\sim\elev.x
jujib,Structures\meguro\wayobj\jujib.x
csignalb,Structures\meguro\wayobj\csignalb.x
urap,Structures\meguro\wayobj\urap.x
man19,Structures\meguro\ensen\man19.x
sim1_1,Structures\meguro\ensen\sim1.x
man21,Structures\meguro\ensen\man21.x
sim2,Structures\meguro\ensen\sim2.x
buil12,Structures\meguro\ensen\buil12.x
msg1l,Structures\meguro\wall\msg1L.x
msg1r,Structures\meguro\wall\msg1R.x
sentou_3,Structures\meguro\sta\msg\sentou.x
msg1,Structures\meguro\sta\formdoor\msg1.x
sim4,Structures\meguro\ensen\sim4.x
msg1_1,Structures\meguro\ensen\msg1.x
buil13,Structures\meguro\ensen\buil13.x
msg1d,Structures\meguro\sta\formdoor\msg1d.x
limit45,Structures\meguro\wayobj\limit45.x
arrive3,Structures\meguro\sta\arrive3.x
jihanki,Structures\meguro\sta\jihanki.x
standb,Structures\meguro\wayobj\standb.x
railsd,Structures\meguro\wayobj\railsd.x
rails2d,Structures\meguro\wayobj\rails2d.x
railsxd,Structures\meguro\wayobj\railsxd.x
rails2,Structures\meguro\wayobj\rails2.x
mirror1,Structures\meguro\ensen\mirror1.x
ccord,Structures\meguro\wayobj\ccord.x
csensor2,Structures\meguro\wayobj\csensor2.x
okusawa1,Structures\meguro\wayobj\okusawa1.x
orp,Structures\meguro\wayobj\orp.x
windowd,Structures\meguro\sta\formdoor\windowd.x
windowsd,Structures\meguro\sta\formdoor\windowsd.x
gaitou,Structures\meguro\ensen\gaitou.x
msg2,Structures\meguro\ensen\msg2.x
msg3,Structures\meguro\ensen\msg3.x
pole1_1,Structures\meguro\sta\msg\pole1.x
msg4,Structures\meguro\ensen\msg4.x
enter1,Structures\meguro\sta\msg\enter1.x
elev_4,Structures\meguro\sta\msg\elev.x
toks_3,Structures\meguro\sta\msg\toks.x
mattan_1,Structures\meguro\sta\msg\mattan.x
msg5,Structures\meguro\ensen\msg5.x
railsx,Structures\meguro\wayobj\railsx.x
elev4,Structures\meguro\sta\msg\elev4.x
tam4,Structures\meguro\ensen\tam4.x
mattan2,Structures\meguro\sta\msg\mattan2.x
msg7r,Structures\meguro\wall\msg7R.x
msg7l,Structures\meguro\wall\msg7L.x
home13l,Structures\meguro\ensen\home13l.x
home13r,Structures\meguro\ensen\home13r.x
home14l,Structures\meguro\ensen\home14l.x
home14r,Structures\meguro\ensen\home14r.x
pole12,Structures\meguro\wayobj\pole12.x
tc_4,Structures\meguro\train\sr2000\tc.x
m_4,Structures\meguro\train\sr2000\m.x
tc2_4,Structures\meguro\train\sr2000\tc2.x
kojichukei,Structures\meguro\wayobj\kojichukei.x
tc_5,Structures\meguro\train\9\tc.x
m_5,Structures\meguro\train\9\m.x
tc2_5,Structures\meguro\train\9\tc2.x
track3,Structures\meguro\sta\track3.x
tc_6,Structures\meguro\train\8\tc.x
m_6,Structures\meguro\train\8\m.x
tc2_6,Structures\meguro\train\8\tc2.x
mss1,Structures\meguro\sta\formdoor\mss1.x
ballast2msg,Structures\meguro\rail\ballast2msg.x
ballast2msg2,Structures\meguro\rail\ballast2msg2.x
track3_1,Structures\meguro\wayobj\track3.x
arriveexp,Structures\meguro\sta\arriveexp.x
waiting_1,Structures\meguro\sta\mss\waiting.x
waitingr,Structures\meguro\sta\mss\waitingr.x
sroof,Structures\meguro\sta\mss\sroof.x
sim3,Structures\meguro\ensen\sim3.x
msg6,Structures\meguro\ensen\msg6.x
tettou,Structures\meguro\ensen\tettou.x
msg7,Structures\meguro\ensen\msg7.x
man22,Structures\meguro\ensen\man22.x
mss1_1,Structures\meguro\ensen\mss1.x
man23,Structures\meguro\ensen\man23.x
hys1,Structures\meguro\sta\formdoor\hys1.x
enter_3,Structures\meguro\sta\hys\enter.x
pole,Structures\meguro\sta\hys\pole.x
bench_1,Structures\meguro\sta\hys\bench.x
exit_2,Structures\meguro\sta\hys\exit.x
elev_5,Structures\meguro\sta\hys\elev.x
enter2_1,Structures\meguro\sta\hys\enter2.x
elev2,Structures\meguro\sta\hys\elev2.x
toks_4,Structures\meguro\sta\hys\toks.x
pole13,Structures\meguro\wayobj\pole13.x
mss2,Structures\meguro\ensen\mss2.x
mss3,Structures\meguro\ensen\mss3.x
hys1_1,Structures\meguro\ensen\hys1.x
end,Structures\meguro\wayobj\end.x
standbd,Structures\meguro\wayobj\standbd.x
stop3p,Structures\meguro\wayobj\stop3p.x
stop4p,Structures\meguro\wayobj\stop4p.x
irekae56,Structures\meguro\wayobj\irekae56.x
2jop,Structures\meguro\wayobj\2jop.x
tcn,Structures\meguro\train\tm9000\tcn.x
mn,Structures\meguro\train\tm9000\mn.x
tc2n,Structures\meguro\train\tm9000\tc2n.x
hysl,Structures\meguro\wayobj\hysl.x
hysr,Structures\meguro\wayobj\hysr.x
aten,Structures\meguro\wayobj\aten.x
atenp,Structures\meguro\wayobj\atenp.x
wood2,Structures\meguro\ensen\wood2.x
irekae5,Structures\meguro\wayobj\irekae5.x
irekael,Structures\meguro\wayobj\irekael.x
beacon1_1,Structures\meguro\wayobj\beacon1.x
keibi1,Structures\meguro\sta\hys\keibi1.x
keibi2,Structures\meguro\sta\hys\keibi2.x
tokyubus,Structures\meguro\ensen\tokyubus.x
board_3,Structures\meguro\sta\mss\board.x
tca,Structures\meguro\train\toei6300\tca.x
2a,Structures\meguro\train\toei6300\2a.x
3a,Structures\meguro\train\toei6300\3a.x
tcd_1,Structures\meguro\train\sr2000\tcd.x
md_1,Structures\meguro\train\sr2000\md.x
tc2d_1,Structures\meguro\train\sr2000\tc2d.x
arrive_o,Structures\meguro\sta\oky\arrive_o.x
mss4,Structures\meguro\ensen\mss4.x
arrive4,Structures\meguro\sta\tam\arrive4.x
track1_2,Structures\meguro\sta\oky\track1.x
board2_1,Structures\meguro\sta\oky\board2.x
toyokob,Structures\meguro\wayobj\toyokob.x
track3_2,Structures\meguro\sta\dec\track3.x
track2_2,Structures\meguro\sta\mky\track2.x
wood3,Structures\meguro\ensen\wood3.x
pitch_plus,Structures\meguro\wayobj\pitch_plus.x
pitch_minus,Structures\meguro\wayobj\pitch_minus.x
curve,Structures\meguro\wayobj\curve.x
kmpost,Structures\meguro\wayobj\kmpost.x
point,Structures\meguro\rail\point.x
point2,Structures\meguro\rail\point2.x
board_4,Structures\meguro\sta\fdo\board.x
board2_2,Structures\meguro\sta\dec\board2.x
board_5,Structures\meguro\sta\tam\board.x
board_6,Structures\meguro\sta\msg\board.x
mattanr,Structures\meguro\sta\sez\mattanr.x
cuber,Structures\meguro\sta\sez\cuber.x
track2_3,Structures\meguro\sta\sez\track2.x
board_7,Structures\meguro\sta\sez\board.x
track12,Structures\meguro\sta\msg\track12.x
board2_3,Structures\meguro\sta\hys\board2.x
board_8,Structures\meguro\sta\okw\board.x
bg1,Structures\meguro\bg1.x
dark_1,Structures\meguro\dark (1).x
signal20,Structures\Default\Signal20.x
signal24,Structures\Default\Signal24.x
glare20,Structures\Default\Glare20.x
glare24,Structures\Default\Glare24.x
signal4yg0,Structures\Default\Signal4yg0.x
signal4yg2,Structures\Default\Signal4yg2.x
signal4yg3,Structures\Default\Signal4yg3.x
signal4yg4,Structures\Default\Signal4yg4.x
glare4yg0,Structures\Default\Glare4yg0.x
glare4yg2,Structures\Default\Glare4yg2.x
glare4yg3,Structures\Default\Glare4yg3.x
glare4yg4,Structures\Default\Glare4yg4.x
signal22,Structures\Default\Signal22.x
glare22,Structures\Default\Glare22.x
signal30,Structures\Default\Signal30.x
signal32,Structures\Default\Signal32.x
signal34,Structures\Default\Signal34.x
glare30,Structures\Default\Glare30.x
glare32,Structures\Default\Glare32.x
glare34,Structures\Default\Glare34.x
signal4yy0,Structures\Default\Signal4yy0.x
signal4yy1,Structures\Default\Signal4yy1.x
signal4yy2,Structures\Default\Signal4yy2.x
signal4yy4,Structures\Default\Signal4yy4.x
glare4yy0,Structures\Default\Glare4yy0.x
glare4yy1,Structures\Default\Glare4yy1.x
glare4yy2,Structures\Default\Glare4yy2.x
glare4yy4,Structures\Default\Glare4yy4.x
signal50,Structures\Default\Signal50.x
signal51,Structures\Default\Signal51.x
signal52,Structures\Default\Signal52.x
signal53,Structures\Default\Signal53.x
signal54,Structures\Default\Signal54.x
glare50,Structures\Default\Glare50.x
glare51,Structures\Default\Glare51.x
glare52,Structures\Default\Glare52.x
glare53,Structures\Default\Glare53.x
glare54,Structures\Default\Glare54.x
signalrep0,Structures\Default\Signalrep0.x
signalrep1,Structures\Default\Signalrep1.x
signalrep4,Structures\Default\Signalrep4.x
