BveTs Structure List 1.00:gb2312
ballast,Structures\Default\Ballast.x
grass,Structures\Default\Grass.x
bg_fine,Structures\Default\Bg_Fine.x
sigpole,Structures\Default\SigPole.x
speedliml,Structures\Default\SpeedlimL.x
speedlim,Structures\Default\Speedlim.x
speedlimr,Structures\Default\SpeedlimR.x
speedlimend,Structures\Default\SpeedlimEnd.x
speedlimpole,Structures\Default\SpeedlimPole.x
speedlim0,Structures\Default\Speedlim0.x
speedlim1,Structures\Default\Speedlim1.x
speedlim2,Structures\Default\Speedlim2.x
speedlim3,Structures\Default\Speedlim3.x
speedlim4,Structures\Default\Speedlim4.x
speedlim5,Structures\Default\Speedlim5.x
speedlim6,Structures\Default\Speedlim6.x
speedlim7,Structures\Default\Speedlim7.x
speedlim8,Structures\Default\Speedlim8.x
speedlim9,Structures\Default\Speedlim9.x
stop,Structures\Default\Stop.x
beacon0,Structures\Default\Beacon0.x
beacon1,Structures\Default\Beacon1.x
beacon2,Structures\Default\Beacon2.x
beacon3,Structures\Default\Beacon3.x
beacon4,Structures\Default\Beacon4.x
pole0,Structures\Default\Pole0.x
pole1,Structures\Default\Pole1.x
pole2,Structures\Default\Pole2.x
pole3,Structures\Default\Pole3.x
ballast1_night,Structures\meguro\rail\ballast1_night.x
slab2_meguro,Structures\meguro\rail\slab2_meguro.x
ballast4,Structures\meguro\rail\Ballast4.x
ballastd,Structures\meguro\rail\Ballastd.x
ballastm,Structures\meguro\rail\Ballastm.x
ballast2_night,Structures\meguro\rail\Ballast2_night.x
ballast3_night,Structures\meguro\rail\ballast3_night.x
ballastd300,Structures\meguro\rail\Ballastd300.x
ballast1300_night,Structures\meguro\rail\Ballast1300_night.x
ballast1500_night,Structures\meguro\rail\Ballast1500_night.x
ballastm1000,Structures\meguro\rail\Ballastm1000.x
slab2d,Structures\meguro\rail\slab2d.x
slab2w_night,Structures\meguro\rail\slab2w_night.x
slab2d300,Structures\meguro\rail\slab2d300.x
slab2d-300,Structures\meguro\rail\slab2d-300.x
slab2d-500,Structures\meguro\rail\slab2d-500.x
slab2d-700,Structures\meguro\rail\slab2d-700.x
ballast2in,Structures\meguro\rail\Ballast2in.x
ballast3out,Structures\meguro\rail\Ballast3out.x
slab2d-300out,Structures\meguro\rail\slab2d-300out.x
ballast2out,Structures\meguro\rail\Ballast2out.x
ballast3300_night,Structures\meguro\rail\Ballast3300_night.x
ballast3-300_night,Structures\meguro\rail\Ballast3-300_night.x
ballast3-500_night,Structures\meguro\rail\Ballast3-500_night.x
ballast31000,Structures\meguro\rail\Ballast31000.x
ballast3-1000_night,Structures\meguro\rail\Ballast3-1000_night.x
ballast2d,Structures\meguro\rail\Ballast2d.x
ballastmout2-1000,Structures\meguro\rail\Ballastmout2-1000.x
ballastmin2,Structures\meguro\rail\Ballastmin2.x
ballast4in,Structures\meguro\rail\Ballast4in.x
ballast4m300,Structures\meguro\rail\Ballast4m300.x
ballast4m,Structures\meguro\rail\Ballast4m.x
ballast4d300,Structures\meguro\rail\Ballast4d300.x
ballast4d,Structures\meguro\rail\Ballast4d.x
ballast4rb,Structures\meguro\rail\Ballast4rb.x
ballastinb,Structures\meguro\rail\Ballastinb.x
ballast3min_night,Structures\meguro\rail\Ballast3min_night.x
ballast3m_night,Structures\meguro\rail\Ballast3m_night.x
ballast3mout_night,Structures\meguro\rail\Ballast3mout_night.x
ballast2m,Structures\meguro\rail\Ballast2m.x
ballast3r-1000in,Structures\meguro\rail\Ballast3r-1000in.x
ballast3pointa_night,Structures\meguro\rail\Ballast3pointa_night.x
ballast4outmd,Structures\meguro\rail\Ballast4outmd.x
slab2w-500_night,Structures\meguro\rail\slab2w-500_night.x
null,
ballastb,Structures\meguro\rail\Ballastb.x
ballastoutb,Structures\meguro\rail\Ballastoutb.x
ballastb300out_night,Structures\meguro\rail\Ballastb300out_night.x
ballastinmb,Structures\meguro\rail\Ballastinmb.x
ballastmb,Structures\meguro\rail\Ballastmb.x
ballast500m_night,Structures\meguro\rail\Ballast500m_night.x
ballast500mout_night,Structures\meguro\rail\Ballast500mout_night.x
ballast200_night,Structures\meguro\rail\Ballast200_night.x
ballastd-300b,Structures\meguro\rail\Ballastd-300b.x
ballast-700_night,Structures\meguro\rail\Ballast-700_night.x
ballast3-300b_night,Structures\meguro\rail\Ballast3-300b_night.x
ballast3300b_night,Structures\meguro\rail\Ballast3300b_night.x
ballast1000b_night,Structures\meguro\rail\Ballast1000b_night.x
ballast-1000_night,Structures\meguro\rail\Ballast-1000_night.x
ballastm-1000,Structures\meguro\rail\Ballastm-1000.x
slab2d-1000,Structures\meguro\rail\slab2d-1000.x
ballastmin_night,Structures\meguro\rail\Ballastmin_night.x
ballastm_night,Structures\meguro\rail\Ballastm_night.x
ballastmout_night,Structures\meguro\rail\Ballastmout_night.x
ballastoutmb,Structures\meguro\rail\Ballastoutmb.x
ballastinmdb,Structures\meguro\rail\Ballastinmdb.x
ballast4mind300,Structures\meguro\rail\Ballast4mind300.x
ballastmoutm,Structures\meguro\rail\Ballastmoutm.x
ballastminm,Structures\meguro\rail\Ballastminm.x
ballastmdb,Structures\meguro\rail\Ballastmdb.x
ballastoutmdb,Structures\meguro\rail\Ballastoutmdb.x
ballast-300b_night,Structures\meguro\rail\Ballast-300b_night.x
ballast300b_night,Structures\meguro\rail\Ballast300b_night.x
ballast3500_night,Structures\meguro\rail\Ballast3500_night.x
ballast5,Structures\meguro\rail\Ballast5.x
ballast5inm,Structures\meguro\rail\Ballast5inm.x
ballast5m,Structures\meguro\rail\Ballast5m.x
slab3,Structures\meguro\rail\slab3.x
ballast5m-300,Structures\meguro\rail\Ballast5m-300.x
ballast5m300,Structures\meguro\rail\Ballast5m300.x
ballast5rc,Structures\meguro\rail\Ballast5rc.x
ballast5m-300rc,Structures\meguro\rail\Ballast5m-300rc.x
ballast5m300rc,Structures\meguro\rail\Ballast5m300rc.x
ballast2inb,Structures\meguro\rail\Ballast2inb.x
ballast4m300b,Structures\meguro\rail\Ballast4m300b.x
ballast2outmd_night,Structures\meguro\rail\Ballast2outmd_night.x
ballast2outm,Structures\meguro\rail\Ballast2outm.x
ballast2700_night,Structures\meguro\rail\Ballast2700_night.x
ballast5700_night,Structures\meguro\rail\Ballast5700_night.x
ballast5-500,Structures\meguro\rail\Ballast5-500.x
ballast5in,Structures\meguro\rail\Ballast5in.x
slab2d1000outm,Structures\meguro\rail\slab2d1000outm.x
slab2d1000m,Structures\meguro\rail\slab2d1000m.x
slab2dm,Structures\meguro\rail\slab2dm.x
slab2dmin,Structures\meguro\rail\slab2dmin.x
ballast5out,Structures\meguro\rail\Ballast5out.x
ballast5out300b,Structures\meguro\rail\Ballast5out300b.x
ballast5out-300b,Structures\meguro\rail\Ballast5out-300b.x
ballast4d-300,Structures\meguro\rail\Ballast4d-300.x
ballast5300b,Structures\meguro\rail\Ballast5300b.x
ballast5-300b,Structures\meguro\rail\Ballast5-300b.x
ballastmout-1000,Structures\meguro\rail\Ballastmout-1000.x
ballastmin,Structures\meguro\rail\Ballastmin.x
ballastmout21000,Structures\meguro\rail\Ballastmout21000.x
ballast2m1000,Structures\meguro\rail\Ballast2m1000.x
ballast-1000m_night,Structures\meguro\rail\Ballast-1000m_night.x
ballastmin2_night,Structures\meguro\rail\ballastmin2_night.x
ballastmout2_night,Structures\meguro\rail\ballastmout2_night.x
ballast2mout2_night,Structures\meguro\rail\ballast2mout2_night.x
ballast2mout3_night,Structures\meguro\rail\ballast2mout3_night.x
dark,Structures\meguro\dark.x
pole1l_night,Structures\meguro\wayobj\pole1L_night.x
pole1r_night,Structures\meguro\wayobj\pole1R_night.x
pole2a_night,Structures\meguro\pole\pole2a_night.x
pole2b_night,Structures\meguro\pole\pole2b_night.x
pole2d_night,Structures\meguro\pole\pole2d_night.x
pole2c_night,Structures\meguro\pole\pole2c_night.x
pole2e_night,Structures\meguro\pole\pole2e_night.x
pole29_night,Structures\meguro\wayobj\pole29_night.x
pole212_night,Structures\meguro\wayobj\pole212_night.x
pole4_night,Structures\meguro\wayobj\pole4_night.x
pole43_night,Structures\meguro\wayobj\pole43_night.x
pole46_night,Structures\meguro\wayobj\pole46_night.x
pole47_night,Structures\meguro\wayobj\pole47_night.x
pole48_night,Structures\meguro\wayobj\pole48_night.x
tunnel1l,Structures\meguro\wall\tunnel1L.x
tunnel1r,Structures\meguro\wall\tunnel1R.x
tunnel2l,Structures\meguro\wall\tunnel2L.x
tunnel3l,Structures\meguro\wall\tunnel3L.x
tunnel2ra,Structures\meguro\wall\tunnel2Ra.x
tunnel2la,Structures\meguro\wall\tunnel2La.x
tunnel1wr,Structures\meguro\wall\tunnel1wR.x
tunnel1wl,Structures\meguro\wall\tunnel1wL.x
tunnel1wr_night,Structures\meguro\wall\tunnel1wR_night.x
tunnel1wl_night,Structures\meguro\wall\tunnel1wL_night.x
tunnel3al,Structures\meguro\wall\tunnel3aL.x
tunnel2rb,Structures\meguro\wall\tunnel2Rb.x
tunnel3lb,Structures\meguro\wall\tunnel3Lb.x
wall5r_night,Structures\meguro\wall\wall5R_night.x
wall5l_night,Structures\meguro\wall\wall5L_night.x
wall5ar,Structures\meguro\wall\wall5aR.x
wall5br_night,Structures\meguro\wall\wall5bR_night.x
wall5cr_night,Structures\meguro\wall\wall5cR_night.x
wall5cl_night,Structures\meguro\wall\wall5cL_night.x
wall5ccl_night,Structures\meguro\wall\wall5ccL_night.x
wall7r_night,Structures\meguro\wall\wall7R_night.x
wall7l_night,Structures\meguro\wall\wall7L_night.x
wall7ar_night,Structures\meguro\wall\wall7aR_night.x
wall7al_night,Structures\meguro\wall\wall7aL_night.x
wall7br_night,Structures\meguro\wall\wall7bR_night.x
wall7bl_night,Structures\meguro\wall\wall7bL_night.x
wall7cr_night,Structures\meguro\wall\wall7cR_night.x
wall7cl_night,Structures\meguro\wall\wall7cL_night.x
wall8l_night,Structures\meguro\wall\wall8L_night.x
wall9l_night,Structures\meguro\wall\wall9L_night.x
wall10r_night,Structures\meguro\wall\wall10R_night.x
wall10l_night,Structures\meguro\wall\wall10L_night.x
tunnell,Structures\meguro\sta\meg\tunnelL.x
meg1r_night,Structures\meguro\wall\meg1R_night.x
meg1l_night,Structures\meguro\wall\meg1L_night.x
meg2r_night,Structures\meguro\wall\meg2R_night.x
meg2l_night,Structures\meguro\wall\meg2L_night.x
meg3r_night,Structures\meguro\wall\meg3R_night.x
meg3l_night,Structures\meguro\wall\meg3L_night.x
meg4r_night,Structures\meguro\wall\meg4R_night.x
meg4l_night,Structures\meguro\wall\meg4L_night.x
meg5r_night,Structures\meguro\wall\meg5R_night.x
meg5l_night,Structures\meguro\wall\meg5L_night.x
meg6r_night,Structures\meguro\wall\meg6R_night.x
meg6l_night,Structures\meguro\wall\meg6L_night.x
meg7r_night,Structures\meguro\wall\meg7R_night.x
meg7l_night,Structures\meguro\wall\meg7L_night.x
meg8r_night,Structures\meguro\wall\meg8R_night.x
meg8l_night,Structures\meguro\wall\meg8L_night.x
meg9r_night,Structures\meguro\wall\meg9R_night.x
meg9l_night,Structures\meguro\wall\meg9L_night.x
fdo1r_night,Structures\meguro\wall\fdo1R_night.x
fdo1l_night,Structures\meguro\wall\fdo1L_night.x
fdo2r_night,Structures\meguro\wall\fdo2R_night.x
fdo2l_night,Structures\meguro\wall\fdo2L_night.x
fudomae3r,Structures\meguro\wall\fudomae3R.x
fudomae3l,Structures\meguro\wall\fudomae3L.x
wallr1,Structures\meguro\sta\mky\wallR1.x
walll1,Structures\meguro\sta\mky\wallL1.x
wallr3,Structures\meguro\sta\mky\wallR3.x
walll3,Structures\meguro\sta\mky\wallL3.x
wallr4,Structures\meguro\sta\mky\wallR4.x
walll4,Structures\meguro\sta\mky\wallL4.x
nky1r_night,Structures\meguro\wall\nky1R_night.x
nky1l_night,Structures\meguro\wall\nky1L_night.x
nky2r_night,Structures\meguro\wall\nky2R_night.x
nky2l_night,Structures\meguro\wall\nky2L_night.x
nky3r_night,Structures\meguro\wall\nky3R_night.x
nky3l_night,Structures\meguro\wall\nky3L_night.x
nky4r_night,Structures\meguro\wall\nky4R_night.x
nky4l_night,Structures\meguro\wall\nky4L_night.x
senzoku1r,Structures\meguro\wall\senzoku1R.x
senzoku1l,Structures\meguro\wall\senzoku1L.x
senzoku2r,Structures\meguro\wall\senzoku2R.x
senzoku2l,Structures\meguro\wall\senzoku2L.x
sez3r_night,Structures\meguro\wall\sez3R_night.x
sez3l_night,Structures\meguro\wall\sez3L_night.x
sez4r_night,Structures\meguro\wall\sez4R_night.x
sez4l_night,Structures\meguro\wall\sez4L_night.x
senzoku1ar,Structures\meguro\wall\senzoku1aR.x
senzoku1al,Structures\meguro\wall\senzoku1aL.x
sez6l_night,Structures\meguro\wall\sez6L_night.x
sez7r_night,Structures\meguro\wall\sez7R_night.x
sez7l_night,Structures\meguro\wall\sez7L_night.x
sez8r_night,Structures\meguro\wall\sez8R_night.x
sez8l_night,Structures\meguro\wall\sez8L_night.x
sez9l_night,Structures\meguro\wall\sez9L_night.x
sez10l_night,Structures\meguro\wall\sez10L_night.x
senzoku11l,Structures\meguro\wall\senzoku11L.x
senzoku12l,Structures\meguro\wall\senzoku12L.x
sentou,Structures\meguro\sta\oky\sentou.x
tunnel1,Structures\meguro\sta\oky\tunnel1.x
wallr1_1,Structures\meguro\sta\oky\wallR1.x
walll1_1,Structures\meguro\sta\oky\wallL1.x
wallr2,Structures\meguro\sta\oky\wallR2.x
walll3_night,Structures\meguro\sta\oky\wallL3_night.x
oky1r_night,Structures\meguro\wall\oky1R_night.x
oky1l_night,Structures\meguro\wall\oky1L_night.x
oky2r_night,Structures\meguro\wall\oky2R_night.x
oky3l_night,Structures\meguro\wall\oky3L_night.x
oky3r_night,Structures\meguro\wall\oky3R_night.x
oky4l_night,Structures\meguro\wall\oky4L_night.x
wallr3a,Structures\meguro\sta\oky\wallR3a.x
walll1a,Structures\meguro\sta\oky\wallL1a.x
oky5l_night,Structures\meguro\wall\oky5L_night.x
oky6l_night,Structures\meguro\wall\oky6L_night.x
oky7l_night,Structures\meguro\wall\oky7L_night.x
oky8l_night,Structures\meguro\wall\oky8L_night.x
oky9l_night,Structures\meguro\wall\oky9L_night.x
oky10l_night,Structures\meguro\wall\oky10L_night.x
oky2l_night,Structures\meguro\wall\oky2L_night.x
sez5r_night,Structures\meguro\wall\sez5R_night.x
sez5l_night,Structures\meguro\wall\sez5L_night.x
senzoku1cr,Structures\meguro\wall\senzoku1cR.x
senzoku1cl,Structures\meguro\wall\senzoku1cL.x
senzoku13r,Structures\meguro\wall\senzoku13R.x
senzoku13l,Structures\meguro\wall\senzoku13L.x
fumikiri1l_night,Structures\meguro\wall\fumikiri1L_night.x
oky11r_night,Structures\meguro\wall\oky11R_night.x
oky11l_night,Structures\meguro\wall\oky11L_night.x
oky12r_night,Structures\meguro\wall\oky12R_night.x
oky12l_night,Structures\meguro\wall\oky12L_night.x
fumikiri2l,Structures\meguro\wall\fumikiri2L.x
wall3r_night,Structures\meguro\wall\wall3R_night.x
senzoku2rout,Structures\meguro\wall\senzoku2Rout.x
senzoku2lout,Structures\meguro\wall\senzoku2Lout.x
wall4l_night,Structures\meguro\wall\wall4L_night.x
okw1r,Structures\meguro\wall\okw1R.x
walll1_2,Structures\meguro\sta\nky\wallL1.x
fudomae2ra,Structures\meguro\wall\fudomae2Ra.x
fudomae2la,Structures\meguro\wall\fudomae2La.x
senzoku2rb,Structures\meguro\wall\senzoku2Rb.x
senzoku2lb,Structures\meguro\wall\senzoku2Lb.x
wallr2_1,Structures\meguro\sta\dec\wallR2.x
walll2,Structures\meguro\sta\dec\wallL2.x
okw2r_night,Structures\meguro\wall\okw2R_night.x
okw3r_night,Structures\meguro\wall\okw3R_night.x
okw3l_night,Structures\meguro\wall\okw3L_night.x
okw4r_night,Structures\meguro\wall\okw4R_night.x
okw4l_night,Structures\meguro\wall\okw4L_night.x
okw4ar_night,Structures\meguro\wall\okw4aR_night.x
okw4al_night,Structures\meguro\wall\okw4aL_night.x
okw5r_night,Structures\meguro\wall\okw5R_night.x
okw5l_night,Structures\meguro\wall\okw5L_night.x
okw6r_night,Structures\meguro\wall\okw6R_night.x
okw6l_night,Structures\meguro\wall\okw6L_night.x
okw7r_night,Structures\meguro\wall\okw7R_night.x
okw7l_night,Structures\meguro\wall\okw7L_night.x
okw8r_night,Structures\meguro\wall\okw8R_night.x
okw8l_night,Structures\meguro\wall\okw8L_night.x
okw9r_night,Structures\meguro\wall\okw9R_night.x
okw9l_night,Structures\meguro\wall\okw9L_night.x
okw10r_night,Structures\meguro\wall\okw10R_night.x
okw10l_night,Structures\meguro\wall\okw10L_night.x
okw11r_night,Structures\meguro\wall\okw11R_night.x
okusawa11l,Structures\meguro\wall\okusawa11L.x
okusawa12r,Structures\meguro\wall\okusawa12R.x
okusawa12l,Structures\meguro\wall\okusawa12L.x
okusawa13r,Structures\meguro\wall\okusawa13R.x
okusawa13l,Structures\meguro\wall\okusawa13L.x
wallr1_2,Structures\meguro\sta\dec\wallR1.x
walll1_3,Structures\meguro\sta\dec\wallL1.x
sez8ar_night,Structures\meguro\wall\sez8aR_night.x
sez8al_night,Structures\meguro\wall\sez8aL_night.x
fumikiri1ar_night,Structures\meguro\wall\fumikiri1aR_night.x
sez8br_night,Structures\meguro\wall\sez8bR_night.x
sez8bl_night,Structures\meguro\wall\sez8bL_night.x
fumikiri1br_night,Structures\meguro\wall\fumikiri1bR_night.x
sez8cl_night,Structures\meguro\wall\sez8cL_night.x
fumikiri2ar_night,Structures\meguro\wall\fumikiri2aR_night.x
fumikiri2al_night,Structures\meguro\wall\fumikiri2aL_night.x
fumikiri2br_night,Structures\meguro\wall\fumikiri2bR_night.x
fumikiri2bl_night,Structures\meguro\wall\fumikiri2bL_night.x
dec1r,Structures\meguro\wall\dec1R.x
dec2r_night,Structures\meguro\wall\dec2R_night.x
dec2l_night,Structures\meguro\wall\dec2L_night.x
dec3r_night,Structures\meguro\wall\dec3R_night.x
dec3l_night,Structures\meguro\wall\dec3L_night.x
wall7abr_night,Structures\meguro\wall\wall7abR_night.x
dec4l_night,Structures\meguro\wall\dec4L_night.x
dec10al_night,Structures\meguro\wall\dec10aL_night.x
dec5l_night,Structures\meguro\wall\dec5L_night.x
dec5ar,Structures\meguro\wall\dec5aR.x
dec6l_night,Structures\meguro\wall\dec6L_night.x
dec10l_night,Structures\meguro\wall\dec10L_night.x
wall2r_night,Structures\meguro\sta\tam\wall2R_night.x
wall2l_night,Structures\meguro\sta\tam\wall2L_night.x
dec11r_night,Structures\meguro\wall\dec11R_night.x
tam1r_night,Structures\meguro\wall\tam1R_night.x
tam1l_night,Structures\meguro\wall\tam1L_night.x
tam2r_night,Structures\meguro\wall\tam2R_night.x
tam2l_night,Structures\meguro\wall\tam2L_night.x
tam3r_night,Structures\meguro\wall\tam3R_night.x
tam3l_night,Structures\meguro\wall\tam3L_night.x
tam4r_night,Structures\meguro\wall\tam4R_night.x
tam4l_night,Structures\meguro\wall\tam4L_night.x
tam5l_night,Structures\meguro\wall\tam5L_night.x
dec10r_night,Structures\meguro\wall\dec10R_night.x
wall1r_night,Structures\meguro\sta\sim\wall1R_night.x
wall1l_night,Structures\meguro\sta\sim\wall1L_night.x
wall2r,Structures\meguro\sta\sim\wall2R.x
wall2l_night_1,Structures\meguro\sta\sim\wall2L_night.x
okw14l_night,Structures\meguro\wall\okw14L_night.x
wall1r_night_1,Structures\meguro\sta\msg\wall1R_night.x
wall1l_night_1,Structures\meguro\sta\msg\wall1L_night.x
msg2r_night,Structures\meguro\wall\msg2R_night.x
msg2l_night,Structures\meguro\wall\msg2L_night.x
msg3r_night,Structures\meguro\wall\msg3R_night.x
msg3l_night,Structures\meguro\wall\msg3L_night.x
msg4r_night,Structures\meguro\wall\msg4R_night.x
msg4l_night,Structures\meguro\wall\msg4L_night.x
msg5r_night,Structures\meguro\wall\msg5R_night.x
msg5l_night,Structures\meguro\wall\msg5L_night.x
msg6r_night,Structures\meguro\wall\msg6R_night.x
msg6l_night,Structures\meguro\wall\msg6L_night.x
msg6rb_night,Structures\meguro\wall\msg6Rb_night.x
msg6lb_night,Structures\meguro\wall\msg6Lb_night.x
msg8r_night,Structures\meguro\wall\msg8R_night.x
msg8l_night,Structures\meguro\wall\msg8L_night.x
msg9r_night,Structures\meguro\wall\msg9R_night.x
msg9l_night,Structures\meguro\wall\msg9L_night.x
msg9rb_night,Structures\meguro\wall\msg9Rb_night.x
msg9lb_night,Structures\meguro\wall\msg9Lb_night.x
msg10r_night,Structures\meguro\wall\msg10R_night.x
msg10l_night,Structures\meguro\wall\msg10L_night.x
msg11r_night,Structures\meguro\wall\msg11R_night.x
msg11l_night,Structures\meguro\wall\msg11L_night.x
msg12r_night,Structures\meguro\wall\msg12R_night.x
msg12l_night,Structures\meguro\wall\msg12L_night.x
ekishar_night,Structures\meguro\sta\mss\ekishaR_night.x
ekishal_night,Structures\meguro\sta\mss\ekishaL_night.x
wallr1_night,Structures\meguro\sta\mss\wallR1_night.x
walll1_night,Structures\meguro\sta\mss\wallL1_night.x
mss1r_night,Structures\meguro\wall\mss1R_night.x
mss1l_night,Structures\meguro\wall\mss1L_night.x
mss2r_night,Structures\meguro\wall\mss2R_night.x
mss2l_night,Structures\meguro\wall\mss2L_night.x
mss3l_night,Structures\meguro\wall\mss3L_night.x
mss4r_night,Structures\meguro\wall\mss4R_night.x
mss4l_night,Structures\meguro\wall\mss4L_night.x
mss5r_night,Structures\meguro\wall\mss5R_night.x
mss5l_night,Structures\meguro\wall\mss5L_night.x
mss5bl_night,Structures\meguro\wall\mss5bL_night.x
mss6r,Structures\meguro\wall\mss6R.x
mss6l,Structures\meguro\wall\mss6L.x
mss6bl,Structures\meguro\wall\mss6bL.x
mss7r,Structures\meguro\wall\mss7R.x
mss7l,Structures\meguro\wall\mss7L.x
mss8r,Structures\meguro\wall\mss8R.x
mss8l,Structures\meguro\wall\mss8L.x
wallr1_3,Structures\meguro\sta\hys\wallR1.x
walll1_4,Structures\meguro\sta\hys\wallL1.x
hys1r,Structures\meguro\wall\hys1R.x
hys1l,Structures\meguro\wall\hys1L.x
hys2l,Structures\meguro\wall\hys2L.x
hys3r_night,Structures\meguro\wall\hys3R_night.x
hys3l_night,Structures\meguro\wall\hys3L_night.x
hys3bl,Structures\meguro\wall\hys3bL.x
hys4r_night,Structures\meguro\wall\hys4R_night.x
hys5r_night,Structures\meguro\wall\hys5R_night.x
hys5l_night,Structures\meguro\wall\hys5L_night.x
hys6r_night,Structures\meguro\wall\hys6R_night.x
hys6l_night,Structures\meguro\wall\hys6L_night.x
hys7r_night,Structures\meguro\wall\hys7R_night.x
hys5bl_night,Structures\meguro\wall\hys5bL_night.x
hys8r_night,Structures\meguro\wall\hys8R_night.x
hys5cl_night,Structures\meguro\wall\hys5cL_night.x
hys5dl_night,Structures\meguro\wall\hys5dL_night.x
hys5el_night,Structures\meguro\wall\hys5eL_night.x
formcr,Structures\meguro\sta\meg\formCR.x
formcl,Structures\meguro\sta\meg\formCL.x
formr,Structures\meguro\sta\meg\formR.x
forml,Structures\meguro\sta\meg\formL.x
formr1_night,Structures\meguro\sta\fdo\formR1_night.x
forml1_night,Structures\meguro\sta\fdo\formL1_night.x
formr2_night,Structures\meguro\sta\fdo\formR2_night.x
forml2_night,Structures\meguro\sta\fdo\formL2_night.x
formr3_night,Structures\meguro\sta\fdo\formR3_night.x
forml3_night,Structures\meguro\sta\fdo\formL3_night.x
formr4_night,Structures\meguro\sta\fdo\formR4_night.x
forml4,Structures\meguro\sta\fdo\formL4.x
formr5_night,Structures\meguro\sta\fdo\formR5_night.x
forml5_night,Structures\meguro\sta\fdo\formL5_night.x
formr1,Structures\meguro\sta\mky\formR1.x
forml1,Structures\meguro\sta\mky\formL1.x
formr2,Structures\meguro\sta\mky\formR2.x
formcr_1,Structures\meguro\sta\mky\formCR.x
forml2,Structures\meguro\sta\mky\formL2.x
formcl_1,Structures\meguro\sta\mky\formCL.x
formr1_1,Structures\meguro\sta\nky\formR1.x
formcr_2,Structures\meguro\sta\nky\formCR.x
forml1_1,Structures\meguro\sta\nky\formL1.x
formcl_2,Structures\meguro\sta\nky\formCL.x
formr2_1,Structures\meguro\sta\nky\formR2.x
formcr2,Structures\meguro\sta\nky\formCR2.x
forml2_1,Structures\meguro\sta\nky\formL2.x
formcl2,Structures\meguro\sta\nky\formCL2.x
formr1_night_1,Structures\meguro\sta\sez\formR1_night.x
forml1_night_1,Structures\meguro\sta\sez\formL1_night.x
formr2_2,Structures\meguro\sta\sez\FormR2.x
forml2_2,Structures\meguro\sta\sez\FormL2.x
formr4,Structures\meguro\sta\sez\FormR4.x
forml3,Structures\meguro\sta\sez\FormL3.x
formr1_2,Structures\meguro\sta\oky\formR1.x
formcr_3,Structures\meguro\sta\oky\formCR.x
forml1_2,Structures\meguro\sta\oky\formL1.x
formcl_3,Structures\meguro\sta\oky\formCL.x
forml1_night_2,Structures\meguro\sta\okw\formL1_night.x
formr2_night_1,Structures\meguro\sta\okw\formR2_night.x
formcr_night,Structures\meguro\sta\okw\formCR_night.x
forml2_night_1,Structures\meguro\sta\okw\formL2_night.x
formcl_night,Structures\meguro\sta\okw\formCL_night.x
forml3_night_1,Structures\meguro\sta\okw\formL3_night.x
formr4_night_1,Structures\meguro\sta\okw\formR4_night.x
forml4_night,Structures\meguro\sta\okw\formL4_night.x
formr5_night_1,Structures\meguro\sta\okw\formR5_night.x
forml5_night_1,Structures\meguro\sta\okw\formL5_night.x
formr1_3,Structures\meguro\sta\dec\formR1.x
formcr_4,Structures\meguro\sta\dec\formCR.x
forml1_3,Structures\meguro\sta\dec\formL1.x
formcl_4,Structures\meguro\sta\dec\formCL.x
formr1_night_2,Structures\meguro\sta\tam\formR1_night.x
formcr_night_1,Structures\meguro\sta\tam\formCR_night.x
forml1_night_3,Structures\meguro\sta\tam\formL1_night.x
formcl_night_1,Structures\meguro\sta\tam\formCL_night.x
formr1_night_3,Structures\meguro\sta\sim\formR1_night.x
formcr_night_2,Structures\meguro\sta\sim\formCR_night.x
forml1_night_4,Structures\meguro\sta\sim\formL1_night.x
formcl_night_2,Structures\meguro\sta\sim\formCL_night.x
formr2_3,Structures\meguro\sta\sim\formR2.x
formcr_5,Structures\meguro\sta\tam\formCR.x
forml2_3,Structures\meguro\sta\sim\formL2.x
formcl_5,Structures\meguro\sta\tam\formCL.x
formr3_night_1,Structures\meguro\sta\sim\formR3_night.x
forml3_night_2,Structures\meguro\sta\sim\formL3_night.x
formr1_4,Structures\meguro\sta\msg\formR1.x
formcr_6,Structures\meguro\sta\msg\formCR.x
forml1_4,Structures\meguro\sta\msg\formL1.x
formcl_6,Structures\meguro\sta\msg\formCL.x
formr2_4,Structures\meguro\sta\msg\formR2.x
formcr2_1,Structures\meguro\sta\msg\formCR2.x
forml2_4,Structures\meguro\sta\msg\formL2.x
formcl2_1,Structures\meguro\sta\msg\formCL2.x
formr3,Structures\meguro\sta\msg\formR3.x
formcr3,Structures\meguro\sta\msg\formCR3.x
forml3_1,Structures\meguro\sta\msg\formL3.x
formcl3,Structures\meguro\sta\msg\formCL3.x
formr2_night_2,Structures\meguro\sta\tam\formR2_night.x
forml2_night_2,Structures\meguro\sta\tam\formL2_night.x
formr1_5,Structures\meguro\sta\mss\formR1.x
forml1_night_5,Structures\meguro\sta\mss\formL1_night.x
formr2_5,Structures\meguro\sta\mss\formR2.x
forml2_5,Structures\meguro\sta\mss\formL2.x
formr3_night_2,Structures\meguro\sta\mss\formR3_night.x
formcr_7,Structures\meguro\sta\mss\formCR.x
forml3_night_3,Structures\meguro\sta\mss\formL3_night.x
formcl_7,Structures\meguro\sta\mss\formCL.x
formr4_night_2,Structures\meguro\sta\msg\formR4_night.x
forml4_night_1,Structures\meguro\sta\msg\formL4_night.x
formr4_night_3,Structures\meguro\sta\mss\formR4_night.x
formcr4_night,Structures\meguro\sta\mss\formCR4_night.x
forml4_night_2,Structures\meguro\sta\mss\formL4_night.x
formcl4_night,Structures\meguro\sta\mss\formCL4_night.x
formr1_6,Structures\meguro\sta\hys\formR1.x
formcr_8,Structures\meguro\sta\hys\formCR.x
forml1_5,Structures\meguro\sta\hys\formL1.x
formcl_8,Structures\meguro\sta\hys\formCL.x
roofr,Structures\meguro\sta\meg\RoofR.x
roofcr,Structures\meguro\sta\meg\RoofCR.x
roofl,Structures\meguro\sta\meg\RoofL.x
roofcl,Structures\meguro\sta\meg\RoofCL.x
roofr3,Structures\meguro\sta\mky\RoofR3.x
roofcr_1,Structures\meguro\sta\mky\Roofcr.x
roofl3,Structures\meguro\sta\mky\RoofL3.x
roofcl_1,Structures\meguro\sta\mky\Roofcl.x
roofr1,Structures\meguro\sta\mky\RoofR1.x
roofl1,Structures\meguro\sta\mky\RoofL1.x
roofr2,Structures\meguro\sta\mky\RoofR2.x
roofl2,Structures\meguro\sta\mky\RoofL2.x
roofr1_1,Structures\meguro\sta\nky\RoofR1.x
roofcr_2,Structures\meguro\sta\nky\Roofcr.x
roofl1_1,Structures\meguro\sta\nky\RoofL1.x
roofcl_2,Structures\meguro\sta\nky\Roofcl.x
roofr2_1,Structures\meguro\sta\nky\RoofR2.x
roofr3_1,Structures\meguro\sta\nky\RoofR3.x
roofcr2,Structures\meguro\sta\nky\Roofcr2.x
roofl3_1,Structures\meguro\sta\nky\RoofL3.x
roofcl2,Structures\meguro\sta\nky\Roofcl2.x
roofr1_night,Structures\meguro\sta\sez\RoofR1_night.x
roofl1_night,Structures\meguro\sta\sez\RoofL1_night.x
roofr2_2,Structures\meguro\sta\sez\RoofR2.x
roofl2_1,Structures\meguro\sta\sez\RoofL2.x
roofr3_2,Structures\meguro\sta\sez\RoofR3.x
roofl3_2,Structures\meguro\sta\sez\RoofL3.x
roofr5,Structures\meguro\sta\sez\RoofR5.x
roofl4,Structures\meguro\sta\sez\RoofL4.x
roofr1a,Structures\meguro\sta\sez\RoofR1a.x
roofl1a,Structures\meguro\sta\sez\RoofL1a.x
roofr1_2,Structures\meguro\sta\oky\RoofR1.x
roofcr_3,Structures\meguro\sta\oky\Roofcr.x
roofl1_2,Structures\meguro\sta\oky\RoofL1.x
roofcl_3,Structures\meguro\sta\oky\Roofcl.x
roofl4a,Structures\meguro\sta\sez\RoofL4a.x
roofr1_3,Structures\meguro\sta\dec\RoofR1.x
roofcr_4,Structures\meguro\sta\dec\Roofcr.x
roofl1_3,Structures\meguro\sta\dec\RoofL1.x
roofcl_4,Structures\meguro\sta\dec\Roofcl.x
roofr1_night_1,Structures\meguro\sta\tam\RoofR1_night.x
roofcr_night,Structures\meguro\sta\tam\Roofcr_night.x
roofl1_night_1,Structures\meguro\sta\tam\RoofL1_night.x
roofcl_night,Structures\meguro\sta\tam\Roofcl_night.x
roofr2_night,Structures\meguro\sta\tam\RoofR2_night.x
roofl2_night,Structures\meguro\sta\tam\RoofL2_night.x
roofr1_4,Structures\meguro\sta\msg\Roofr1.x
roofcr_5,Structures\meguro\sta\msg\Roofcr.x
roofl1_night_2,Structures\meguro\sta\msg\Roofl1_night.x
roofcl_5,Structures\meguro\sta\msg\Roofcl.x
roofr2_3,Structures\meguro\sta\mss\Roofr2.x
roofl1_4,Structures\meguro\sta\mss\Roofl1.x
roofr1_5,Structures\meguro\sta\mss\Roofr1.x
roofl2_2,Structures\meguro\sta\mss\Roofl2.x
roofl3_night,Structures\meguro\sta\mss\Roofl3_night.x
roofr3_night,Structures\meguro\sta\mss\Roofr3_night.x
roofr1_6,Structures\meguro\sta\hys\RoofR1.x
roofcr_6,Structures\meguro\sta\hys\RoofCR.x
roofl1_5,Structures\meguro\sta\hys\RoofL1.x
roofcl_6,Structures\meguro\sta\hys\RoofCL.x
crabal2r_night,Structures\meguro\wall\crabal2r_night.x
crabal2l_night,Structures\meguro\wall\crabal2l_night.x
crabal5r_night,Structures\meguro\wall\crabal5r_night.x
crabal5l_night,Structures\meguro\wall\crabal5l_night.x
windowd,Structures\meguro\sta\formdoor\windowd.x
fdo1_night,Structures\meguro\sta\formdoor\fdo1_night.x
crack,Structures\meguro\sta\meg\crack.x
kanaami1,Structures\meguro\sta\formdoor\kanaami1.x
crack2,Structures\meguro\sta\meg\crack2.x
waitingroom,Structures\meguro\sta\fdo\waitingroom.x
arrive,Structures\meguro\sta\arrive.x
oku,Structures\meguro\sta\mky\oku.x
enter,Structures\meguro\sta\mky\enter.x
enterr,Structures\meguro\sta\mky\enterr.x
windowsd,Structures\meguro\sta\formdoor\windowsd.x
mky1,Structures\meguro\sta\formdoor\mky1.x
mky12,Structures\meguro\sta\formdoor\mky12.x
exit,Structures\meguro\sta\mky\exit.x
ekisha,Structures\meguro\sta\fdo\ekisha.x
futa,Structures\meguro\sta\mky\futa.x
nky1,Structures\meguro\sta\formdoor\nky1.x
nky12,Structures\meguro\sta\formdoor\nky12.x
enterr_1,Structures\meguro\sta\nky\enterr.x
waitingroom_1,Structures\meguro\sta\nky\waitingroom.x
elev,Structures\meguro\sta\nky\elev.x
exitr,Structures\meguro\sta\nky\exitr.x
board,Structures\meguro\sta\board.x
stopglid,Structures\meguro\sta\formdoor\stopglid.x
sez1,Structures\meguro\sta\formdoor\sez1.x
cube,Structures\meguro\sta\sez\cube.x
mattan,Structures\meguro\sta\sez\mattan.x
crack1_night,Structures\meguro\sta\oky\crack1_night.x
oky1,Structures\meguro\sta\formdoor\oky1.x
stopglid2,Structures\meguro\sta\formdoor\stopglid2.x
hodokyo1_night,Structures\meguro\ensen\hodokyo1_night.x
stop1,Structures\meguro\wayobj\stop1.x
ookayama2_night,Structures\meguro\ensen\ookayama2_night.x
okw1_night,Structures\meguro\sta\formdoor\okw1_night.x
okw12,Structures\meguro\sta\formdoor\okw12.x
right,Structures\meguro\wayobj\right.x
right2,Structures\meguro\wayobj\right2.x
kanaami2,Structures\meguro\sta\formdoor\kanaami2.x
track1,Structures\meguro\sta\track1.x
toks,Structures\meguro\sta\oky\toks.x
lamp,Structures\meguro\sta\lamp.x
maru,Structures\meguro\wayobj\maru.x
camera1,Structures\meguro\sta\camera1.x
right2d,Structures\meguro\wayobj\right2d.x
locald,Structures\meguro\wayobj\locald.x
go,Structures\meguro\wayobj\go.x
7,Structures\meguro\wayobj\7.x
6,Structures\meguro\wayobj\6.x
5,Structures\meguro\wayobj\5.x
4,Structures\meguro\wayobj\4.x
3,Structures\meguro\wayobj\3.x
2,Structures\meguro\wayobj\2.x
1,Structures\meguro\wayobj\1.x
7p,Structures\meguro\wayobj\7p.x
6p,Structures\meguro\wayobj\6p.x
5p,Structures\meguro\wayobj\5p.x
4p,Structures\meguro\wayobj\4p.x
3p,Structures\meguro\wayobj\3p.x
2p,Structures\meguro\wayobj\2p.x
1p,Structures\meguro\wayobj\1p.x
camera2,Structures\meguro\sta\camera2.x
board2,Structures\meguro\sta\board2.x
timetable,Structures\meguro\sta\timetable.x
bench1,Structures\meguro\sta\bench1.x
batup,Structures\meguro\wayobj\batup.x
csignal_night,Structures\meguro\wayobj\csignal_night.x
9,Structures\meguro\wayobj\9.x
8p,Structures\meguro\wayobj\8p.x
8,Structures\meguro\wayobj\8.x
rails,Structures\meguro\wayobj\rails.x
csensor_night,Structures\meguro\wayobj\csensor_night.x
ki,Structures\meguro\wayobj\ki.x
ki2,Structures\meguro\wayobj\ki2.x
ki3,Structures\meguro\wayobj\ki3.x
20m,Structures\meguro\wayobj\20m.x
rightor,Structures\meguro\wayobj\rightor.x
tcd,Structures\meguro\train\tm9000\tcd.x
md,Structures\meguro\train\tm9000\md.x
tc2d,Structures\meguro\train\tm9000\tc2d.x
tcd_1,Structures\meguro\train\toei6300\tcd.x
md_1,Structures\meguro\train\toei6300\md.x
tc_night,Structures\meguro\train\toei6300\tc_night.x
m,Structures\meguro\train\toei6300\m.x
tc2,Structures\meguro\train\toei6300\tc2.x
tc_night_1,Structures\meguro\train\tokyu5080\tc_night.x
m_night,Structures\meguro\train\tokyu5080\m_night.x
tc_night_2,Structures\meguro\train\tokyu3000\tc_night.x
m_night_1,Structures\meguro\train\tokyu3000\m_night.x
tc2d_1,Structures\meguro\train\toei6300\tc2d.x
t,Structures\meguro\train\toei6300\t.x
moku_night,Structures\meguro\wayobj\moku_night.x
2jo,Structures\meguro\wayobj\2jo.x
rightbl,Structures\meguro\wayobj\rightbl.x
track2,Structures\meguro\wayobj\track2.x
musako1,Structures\meguro\wayobj\musako1.x
stand,Structures\meguro\wayobj\stand.x
standd,Structures\meguro\wayobj\standd.x
signal,Structures\meguro\wayobj\signal.x
irekae,Structures\meguro\wayobj\irekae.x
shuppatu,Structures\meguro\wayobj\shuppatu.x
goleft,Structures\meguro\wayobj\goleft.x
gostright,Structures\meguro\wayobj\gostright.x
marud,Structures\meguro\wayobj\marud.x
jonaid,Structures\meguro\wayobj\jonaid.x
arrive2,Structures\meguro\sta\arrive2.x
jonai,Structures\meguro\wayobj\jonai.x
track1_1,Structures\meguro\wayobj\track1.x
oo,Structures\meguro\wayobj\oo.x
people,Structures\meguro\sta\people.x
people2,Structures\meguro\sta\people2.x
people3,Structures\meguro\sta\people3.x
hashigo,Structures\meguro\wayobj\hashigo.x
stop1p,Structures\meguro\wayobj\stop1p.x
pole3_night,Structures\meguro\wayobj\pole3_night.x
pole32_night,Structures\meguro\wayobj\pole32_night.x
pole7_night,Structures\meguro\wayobj\pole7_night.x
board_1,Structures\meguro\sta\nky\board.x
board_2,Structures\meguro\sta\oky\board.x
pole210_night,Structures\meguro\wayobj\pole210_night.x
home1_night,Structures\meguro\ensen\home1_night.x
home2_night,Structures\meguro\ensen\home2_night.x
home3_night,Structures\meguro\ensen\home3_night.x
home4_night,Structures\meguro\ensen\home4_night.x
home5_night,Structures\meguro\ensen\home5_night.x
home6_night,Structures\meguro\ensen\home6_night.x
tree1_night,Structures\meguro\ensen\tree1_night.x
hodokyo2_night,Structures\meguro\ensen\hodokyo2_night.x
dec1,Structures\meguro\sta\formdoor\dec1.x
hijoguchi,Structures\meguro\sta\dec\hijoguchi.x
track2b,Structures\meguro\sta\track2b.x
bench,Structures\meguro\sta\dec\bench.x
waiting,Structures\meguro\sta\dec\waiting.x
enter_1,Structures\meguro\sta\dec\enter.x
enterr_2,Structures\meguro\sta\dec\enterr.x
home7_night,Structures\meguro\ensen\home7_night.x
buil1_night,Structures\meguro\ensen\buil1_night.x
man1_night,Structures\meguro\ensen\man1_night.x
man2_night,Structures\meguro\ensen\man2_night.x
buil2_night,Structures\meguro\ensen\buil2_night.x
buil3_night,Structures\meguro\ensen\buil3_night.x
tree2_night,Structures\meguro\ensen\tree2_night.x
buil4,Structures\meguro\ensen\buil4.x
buil14_night,Structures\meguro\ensen\buil14_night.x
man4_night,Structures\meguro\ensen\man4_night.x
man5_night,Structures\meguro\ensen\man5_night.x
buil5_night,Structures\meguro\ensen\buil5_night.x
buil6_night,Structures\meguro\ensen\buil6_night.x
man7_night,Structures\meguro\ensen\man7_night.x
buil7_night,Structures\meguro\ensen\buil7_night.x
toks_1,Structures\meguro\sta\dec\toks.x
elev_1,Structures\meguro\sta\elev.x
exit_1,Structures\meguro\sta\dec\exit.x
man8_night,Structures\meguro\ensen\man8_night.x
man9_night,Structures\meguro\ensen\man9_night.x
oky1_night,Structures\meguro\ensen\oky1_night.x
home8_night,Structures\meguro\ensen\home8_night.x
hei1_night,Structures\meguro\ensen\hei1_night.x
man10_night,Structures\meguro\ensen\man10_night.x
home10_night,Structures\meguro\ensen\home10_night.x
oky2,Structures\meguro\ensen\oky2.x
man11_night,Structures\meguro\ensen\man11_night.x
home11_night,Structures\meguro\ensen\home11_night.x
home12_night,Structures\meguro\ensen\home12_night.x
man12_night,Structures\meguro\ensen\man12_night.x
fdo1_night_1,Structures\meguro\ensen\fdo1_night.x
man13_night,Structures\meguro\ensen\man13_night.x
hodokyo3_night,Structures\meguro\ensen\hodokyo3_night.x
buil9,Structures\meguro\ensen\buil9.x
buil10_night,Structures\meguro\ensen\buil10_night.x
okw1_night_1,Structures\meguro\ensen\okw1_night.x
fdo2_night,Structures\meguro\ensen\fdo2_night.x
pointm,Structures\meguro\wayobj\pointm.x
pointmd,Structures\meguro\wayobj\pointmd.x
buil11_night,Structures\meguro\ensen\buil11_night.x
pole2f_night,Structures\meguro\pole\pole2f_night.x
pole5_night,Structures\meguro\wayobj\pole5_night.x
pole42_night,Structures\meguro\wayobj\pole42_night.x
homes1_night,Structures\meguro\ensen\homes1_night.x
wood1_night,Structures\meguro\ensen\wood1_night.x
sentou_night,Structures\meguro\sta\tam\sentou_night.x
speak1,Structures\meguro\sta\speak1.x
tam1_night,Structures\meguro\sta\formdoor\tam1_night.x
track2_1,Structures\meguro\sta\track2.x
homes2_night,Structures\meguro\ensen\homes2_night.x
enter_2,Structures\meguro\sta\tam\enter.x
toks_2,Structures\meguro\sta\tam\toks.x
enter2,Structures\meguro\sta\tam\enter2.x
box1_night,Structures\meguro\wayobj\box1_night.x
tcd_2,Structures\meguro\train\9\tcd.x
md_2,Structures\meguro\train\9\md.x
tc2d_2,Structures\meguro\train\9\tc2d.x
elev_2,Structures\meguro\sta\tam\elev.x
elevr,Structures\meguro\sta\tam\elevr.x
tam1_night_1,Structures\meguro\ensen\tam1_night.x
10p,Structures\meguro\wayobj\10p.x
9p,Structures\meguro\wayobj\9p.x
11p,Structures\meguro\wayobj\11p.x
stop2p,Structures\meguro\wayobj\stop2p.x
pole44_night,Structures\meguro\wayobj\pole44_night.x
tam2_night,Structures\meguro\ensen\tam2_night.x
tam3_night,Structures\meguro\ensen\tam3_night.x
01_night,Structures\meguro\train\hosyu\01_night.x
02_night,Structures\meguro\train\hosyu\02_night.x
03_night,Structures\meguro\train\hosyu\03_night.x
man14,Structures\meguro\ensen\man14.x
man17_night,Structures\meguro\ensen\man17_night.x
man16_night,Structures\meguro\ensen\man16_night.x
homes3_night,Structures\meguro\ensen\homes3_night.x
ballastbpoint_night,Structures\meguro\rail\ballastbpoint_night.x
man18_night,Structures\meguro\ensen\man18_night.x
sentou_night_1,Structures\meguro\sta\sim\sentou_night.x
tenjo_night,Structures\meguro\sta\tam\tenjo_night.x
pole45_night,Structures\meguro\wayobj\pole45_night.x
enterr_3,Structures\meguro\sta\tam\enterr.x
denchu1a_night,Structures\meguro\ensen\denchu1a_night.x
denchu1b_night,Structures\meguro\ensen\denchu1b_night.x
sim1_night,Structures\meguro\sta\formdoor\sim1_night.x
monitor,Structures\meguro\sta\monitor.x
elev_3,Structures\meguro\sta\sim\elev.x
jujib,Structures\meguro\wayobj\jujib.x
csignalb_night,Structures\meguro\wayobj\csignalb_night.x
urap,Structures\meguro\wayobj\urap.x
man19_night,Structures\meguro\ensen\man19_night.x
sim1_night_1,Structures\meguro\ensen\sim1_night.x
man21_night,Structures\meguro\ensen\man21_night.x
sim2_night,Structures\meguro\ensen\sim2_night.x
buil12_night,Structures\meguro\ensen\buil12_night.x
msg1l_night,Structures\meguro\wall\msg1L_night.x
msg1r_night,Structures\meguro\wall\msg1R_night.x
sentou_night_2,Structures\meguro\sta\msg\sentou_night.x
msg1_night,Structures\meguro\sta\formdoor\msg1_night.x
sim4_night,Structures\meguro\ensen\sim4_night.x
msg1_night_1,Structures\meguro\ensen\msg1_night.x
buil13_night,Structures\meguro\ensen\buil13_night.x
limit45,Structures\meguro\wayobj\limit45.x
arrive3,Structures\meguro\sta\arrive3.x
jihanki,Structures\meguro\sta\jihanki.x
standb_night,Structures\meguro\wayobj\standb_night.x
railsd,Structures\meguro\wayobj\railsd.x
rails2d,Structures\meguro\wayobj\rails2d.x
railsxd,Structures\meguro\wayobj\railsxd.x
rails2,Structures\meguro\wayobj\rails2.x
mirror1_night,Structures\meguro\ensen\mirror1_night.x
csensor2_night,Structures\meguro\wayobj\csensor2_night.x
okusawa1_night,Structures\meguro\wayobj\okusawa1_night.x
orp,Structures\meguro\wayobj\orp.x
gaitou_night,Structures\meguro\ensen\gaitou_night.x
msg3_night,Structures\meguro\ensen\msg3_night.x
pole1_1,Structures\meguro\sta\msg\pole1.x
msg4_night,Structures\meguro\ensen\msg4_night.x
enter1,Structures\meguro\sta\msg\enter1.x
elev_4,Structures\meguro\sta\msg\elev.x
toks_3,Structures\meguro\sta\msg\toks.x
mattan_night,Structures\meguro\sta\msg\mattan_night.x
msg5_night,Structures\meguro\ensen\msg5_night.x
railsx,Structures\meguro\wayobj\railsx.x
elev4,Structures\meguro\sta\msg\elev4.x
tam4_night,Structures\meguro\ensen\tam4_night.x
mattan2,Structures\meguro\sta\msg\mattan2.x
msg7r_night,Structures\meguro\wall\msg7R_night.x
msg7l_night,Structures\meguro\wall\msg7L_night.x
pole28_night,Structures\meguro\wayobj\pole28_night.x
pole12_night,Structures\meguro\wayobj\pole12_night.x
tcd_3,Structures\meguro\train\sr2000\tcd.x
md_3,Structures\meguro\train\sr2000\md.x
tc2d_3,Structures\meguro\train\sr2000\tc2d.x
kojichukei,Structures\meguro\wayobj\kojichukei.x
tc,Structures\meguro\train\9\tc.x
t_1,Structures\meguro\train\9\t.x
tc2_1,Structures\meguro\train\9\tc2.x
track3,Structures\meguro\sta\track3.x
tcd_4,Structures\meguro\train\8\tcd.x
md_4,Structures\meguro\train\8\md.x
tc2d_4,Structures\meguro\train\8\tc2d.x
mss1_night,Structures\meguro\sta\formdoor\mss1_night.x
tc_1,Structures\meguro\train\tm03\tc.x
m_1,Structures\meguro\train\tm03\m.x
tc2_2,Structures\meguro\train\tm03\tc2.x
ballast2msg_night,Structures\meguro\rail\ballast2msg_night.x
ballast2msg2_night,Structures\meguro\rail\ballast2msg2_night.x
track3_1,Structures\meguro\wayobj\track3.x
arrive4,Structures\meguro\sta\arrive4.x
waiting_night,Structures\meguro\sta\mss\waiting_night.x
waitingr_night,Structures\meguro\sta\mss\waitingr_night.x
sroof,Structures\meguro\sta\mss\sroof.x
sim3_night,Structures\meguro\ensen\sim3_night.x
msg6_night,Structures\meguro\ensen\msg6_night.x
tettou_night,Structures\meguro\ensen\tettou_night.x
msg7_night,Structures\meguro\ensen\msg7_night.x
man22_night,Structures\meguro\ensen\man22_night.x
mss1_night_1,Structures\meguro\ensen\mss1_night.x
man23_night,Structures\meguro\ensen\man23_night.x
hys1,Structures\meguro\sta\formdoor\hys1.x
enter_3,Structures\meguro\sta\hys\enter.x
pole,Structures\meguro\sta\hys\pole.x
bench_1,Structures\meguro\sta\hys\bench.x
exit_2,Structures\meguro\sta\hys\exit.x
elev_5,Structures\meguro\sta\hys\elev.x
enter2_1,Structures\meguro\sta\hys\enter2.x
elev2,Structures\meguro\sta\hys\elev2.x
toks_4,Structures\meguro\sta\hys\toks.x
pole13_night,Structures\meguro\wayobj\pole13_night.x
mss2_night,Structures\meguro\ensen\mss2_night.x
mss3_night,Structures\meguro\ensen\mss3_night.x
hys1_night,Structures\meguro\ensen\hys1_night.x
end_night,Structures\meguro\wayobj\end_night.x
standbd,Structures\meguro\wayobj\standbd.x
stop3p,Structures\meguro\wayobj\stop3p.x
stop4p,Structures\meguro\wayobj\stop4p.x
irekae56,Structures\meguro\wayobj\irekae56.x
2jop,Structures\meguro\wayobj\2jop.x
tcb,Structures\meguro\train\toei6300\tcb.x
2b,Structures\meguro\train\toei6300\2b.x
3b,Structures\meguro\train\toei6300\3b.x
hysl_night,Structures\meguro\wayobj\hysl_night.x
hysr_night,Structures\meguro\wayobj\hysr_night.x
aten,Structures\meguro\wayobj\aten.x
atenp,Structures\meguro\wayobj\atenp.x
wood2_night,Structures\meguro\ensen\wood2_night.x
irekae5,Structures\meguro\wayobj\irekae5.x
irekael,Structures\meguro\wayobj\irekael.x
beacon1_1,Structures\meguro\wayobj\beacon1.x
keibi1,Structures\meguro\sta\hys\keibi1.x
keibi2,Structures\meguro\sta\hys\keibi2.x
tokyubus_night,Structures\meguro\ensen\tokyubus_night.x
board_3,Structures\meguro\sta\mss\board.x
arrive2b,Structures\meguro\sta\arrive2b.x
fumikiri_night,Structures\meguro\ensen\fumikiri_night.x
mky12a,Structures\meguro\sta\formdoor\mky12a.x
t_2,Structures\meguro\train\tkk8090\t.x
tc2_3,Structures\meguro\train\tkk8090\tc2.x
man1b_night,Structures\meguro\ensen\man1b_night.x
tc_2,Structures\meguro\train\tkk1000\tc.x
m_2,Structures\meguro\train\tkk1000\m.x
tcd_5,Structures\meguro\train\tokyu5080\tcd.x
md_5,Structures\meguro\train\tokyu5080\md.x
tc2d_5,Structures\meguro\train\tokyu5080\tc2d.x
tcab,Structures\meguro\train\8\tcab.x
ma,Structures\meguro\train\8\ma.x
tc2a,Structures\meguro\train\8\tc2a.x
tcb_1,Structures\meguro\train\tokyu3000\tcb.x
m_3,Structures\meguro\train\tokyu3000\m.x
tc2_4,Structures\meguro\train\tokyu3000\tc2.x
tcad,Structures\meguro\train\8\tcad.x
mad,Structures\meguro\train\8\mad.x
tc2ad,Structures\meguro\train\8\tc2ad.x
arrive_o,Structures\meguro\sta\oky\arrive_o.x
track1_2,Structures\meguro\sta\oky\track1.x
board2_1,Structures\meguro\sta\oky\board2.x
track3_2,Structures\meguro\sta\dec\track3.x
track2_2,Structures\meguro\sta\mky\track2.x
track4,Structures\meguro\sta\mss\track4.x
board_4,Structures\meguro\sta\fdo\board.x
board2_2,Structures\meguro\sta\dec\board2.x
board_5,Structures\meguro\sta\tam\board.x
board_6,Structures\meguro\sta\msg\board.x
mattanr,Structures\meguro\sta\sez\mattanr.x
cuber,Structures\meguro\sta\sez\cuber.x
track2_3,Structures\meguro\sta\sez\track2.x
board_7,Structures\meguro\sta\sez\board.x
track12,Structures\meguro\sta\msg\track12.x
board2_3,Structures\meguro\sta\hys\board2.x
board_8,Structures\meguro\sta\okw\board.x
bg2,Structures\meguro\bg2.x
dark_1,Structures\meguro\dark (1).x
signal20,Structures\Default\Signal20.x
signal24,Structures\Default\Signal24.x
glare20,Structures\Default\Glare20.x
glare24,Structures\Default\Glare24.x
signal4yg0,Structures\Default\Signal4yg0.x
signal4yg2,Structures\Default\Signal4yg2.x
signal4yg3,Structures\Default\Signal4yg3.x
signal4yg4,Structures\Default\Signal4yg4.x
glare4yg0,Structures\Default\Glare4yg0.x
glare4yg2,Structures\Default\Glare4yg2.x
glare4yg3,Structures\Default\Glare4yg3.x
glare4yg4,Structures\Default\Glare4yg4.x
signal22,Structures\Default\Signal22.x
glare22,Structures\Default\Glare22.x
signal30,Structures\Default\Signal30.x
signal32,Structures\Default\Signal32.x
signal34,Structures\Default\Signal34.x
glare30,Structures\Default\Glare30.x
glare32,Structures\Default\Glare32.x
glare34,Structures\Default\Glare34.x
signal4yy0,Structures\Default\Signal4yy0.x
signal4yy1,Structures\Default\Signal4yy1.x
signal4yy2,Structures\Default\Signal4yy2.x
signal4yy4,Structures\Default\Signal4yy4.x
glare4yy0,Structures\Default\Glare4yy0.x
glare4yy1,Structures\Default\Glare4yy1.x
glare4yy2,Structures\Default\Glare4yy2.x
glare4yy4,Structures\Default\Glare4yy4.x
signal50,Structures\Default\Signal50.x
signal51,Structures\Default\Signal51.x
signal52,Structures\Default\Signal52.x
signal53,Structures\Default\Signal53.x
signal54,Structures\Default\Signal54.x
glare50,Structures\Default\Glare50.x
glare51,Structures\Default\Glare51.x
glare52,Structures\Default\Glare52.x
glare53,Structures\Default\Glare53.x
glare54,Structures\Default\Glare54.x
signalrep0,Structures\Default\Signalrep0.x
signalrep1,Structures\Default\Signalrep1.x
signalrep4,Structures\Default\Signalrep4.x
