BveTs Signal Aspects List 2.00:gb2312
type0,signal20,,,,signal24
,glare20,,,,glare24
type1,signal4yg0,,signal4yg2,signal4yg3,signal4yg4
,glare4yg0,,glare4yg2,glare4yg3,glare4yg4
type2,signal20,,signal22,,
,glare20,,glare22,,
type3,signal30,,signal32,,signal34
,glare30,,glare32,,glare34
type4,signal4yy0,signal4yy1,signal4yy2,,signal4yy4
,glare4yy0,glare4yy1,glare4yy2,,glare4yy4
type5,signal50,signal51,signal52,signal53,signal54
,glare50,glare51,glare52,glare53,glare54
type6,signalrep0,signalrep1,,,signalrep4
